-- phpMyAdmin SQL Dump
-- version 4.9.4
-- https://www.phpmyadmin.net/
--
-- Host: localhost:3306
-- Generation Time: Jun 03, 2020 at 08:54 AM
-- Server version: 5.7.30
-- PHP Version: 7.3.6

SET SQL_MODE = "NO_AUTO_VALUE_ON_ZERO";
SET AUTOCOMMIT = 0;
START TRANSACTION;
SET time_zone = "+00:00";


/*!40101 SET @OLD_CHARACTER_SET_CLIENT=@@CHARACTER_SET_CLIENT */;
/*!40101 SET @OLD_CHARACTER_SET_RESULTS=@@CHARACTER_SET_RESULTS */;
/*!40101 SET @OLD_COLLATION_CONNECTION=@@COLLATION_CONNECTION */;
/*!40101 SET NAMES utf8mb4 */;

--
-- Database: `frentic_mlm`
--

-- --------------------------------------------------------

--
-- Table structure for table `bal_req`
--

CREATE TABLE `bal_req` (
  `req_id` int(11) NOT NULL,
  `uid` int(11) DEFAULT NULL,
  `amount` decimal(10,0) DEFAULT '0',
  `image` text,
  `txnid` varchar(500) DEFAULT NULL,
  `note` text,
  `date` datetime DEFAULT NULL,
  `status` int(11) DEFAULT '0',
  `approve_date` datetime DEFAULT NULL
) ENGINE=InnoDB DEFAULT CHARSET=utf8mb4;

--
-- Dumping data for table `bal_req`
--

INSERT INTO `bal_req` (`req_id`, `uid`, `amount`, `image`, `txnid`, `note`, `date`, `status`, `approve_date`) VALUES
(1, 2, 10000, '5ed3cd8031d5e.jpg', '1234', 'NIL', '2020-05-31 15:30:08', 1, '2020-05-31 15:30:00'),
(3, 2, 2000, '5ed3cfc8ad673.jpg', '1234', 'NIL', '2020-05-31 15:39:52', 1, '2020-05-31 15:40:00'),
(4, 6, 14000, '5ed3d3301710c.jpg', '1234', 'NIL', '2020-05-31 15:54:24', 1, '2020-05-31 15:56:00'),
(5, 9, 14000, '5ed3d5f1f07e3.jpg', '1234', 'NIL', '2020-05-31 16:06:09', 1, '2020-05-31 16:13:00'),
(6, 8, 14000, '5ed3db0ab5e22.jpg', '1234', 'NIL', '2020-05-31 16:27:54', 1, '2020-05-31 16:34:00'),
(7, 10, 14000, '5ed3db849bd1e.jpg', '1234', 'NIL', '2020-05-31 16:29:56', 1, '2020-05-31 16:34:00'),
(9, 17, 14000, '5ed3e04727341.jpg', '1234', 'NIL', '2020-05-31 16:50:15', 1, '2020-05-31 16:52:00'),
(11, 18, 14000, '5ed3e1856f361.jpg', '1234', 'NIL', '2020-05-31 16:55:33', 1, '2020-05-31 16:56:00'),
(12, 23, 14000, '5ed3e27f122c4.jpg', '1234', 'NIL', '2020-05-31 16:59:43', 1, '2020-05-31 17:09:00'),
(13, 3, 15000, NULL, '1234', 'nil', '2020-05-31 17:17:32', 1, '2020-05-31 18:48:00'),
(14, 12, 20000, NULL, '1234', 'n', '2020-05-31 17:24:09', 1, '2020-05-31 18:48:00'),
(16, 30, 14000, '5ed3e91fa8b96.jpg', '1234', 'NIL', '2020-05-31 17:27:59', 1, '2020-05-31 17:29:00'),
(17, 14, 20000, NULL, '1234', '', '2020-05-31 17:30:33', 1, '2020-05-31 17:45:00'),
(20, 31, 20000, NULL, '1234', '', '2020-05-31 17:38:10', 2, '2020-05-31 17:42:00'),
(21, 31, 20000, NULL, '1234', '', '2020-05-31 17:38:10', 2, '2020-05-31 17:42:00'),
(22, 31, 20000, NULL, '1234', '', '2020-05-31 17:38:11', 2, '2020-05-31 17:41:00'),
(23, 31, 20000, NULL, '1234', '', '2020-05-31 17:38:11', 2, '2020-05-31 17:41:00'),
(24, 31, 20000, NULL, '1234', '', '2020-05-31 17:38:18', 2, '2020-05-31 17:41:00'),
(25, 31, 20000, NULL, '1234', '', '2020-05-31 17:38:25', 2, '2020-05-31 17:41:00'),
(28, 32, 14000, '5ed3ed44a3907.jpg', '1234', 'NIL', '2020-05-31 17:45:40', 1, '2020-05-31 17:46:00'),
(29, 33, 14000, '5ed3edf421b05.jpg', '1234', 'NIL', '2020-05-31 17:48:36', 1, '2020-05-31 17:49:00'),
(30, 34, 14000, '5ed3ef302b404.jpg', '1234', 'NIL', '2020-05-31 17:53:52', 1, '2020-05-31 17:54:00'),
(32, 36, 20000, NULL, '1234', 'n', '2020-05-31 17:56:30', 1, '2020-05-31 18:51:00'),
(33, 35, 14000, '5ed3f0b397730.jpg', '1234', 'NIL', '2020-05-31 18:00:19', 1, '2020-05-31 18:01:00'),
(34, 44, 20000, NULL, '123', '', '2020-05-31 18:00:45', 1, '2020-05-31 18:51:00'),
(35, 48, 20000, NULL, '123', '', '2020-05-31 18:03:57', 1, '2020-05-31 18:51:00'),
(36, 49, 20000, NULL, '123', '', '2020-05-31 18:05:51', 1, '2020-05-31 18:51:00'),
(37, 21, 14000, '5ed3f21bc5c5c.jpg', '1234', 'NIL', '2020-05-31 18:06:19', 1, '2020-05-31 18:07:00'),
(38, 62, 20000, NULL, '1234', '', '2020-05-31 18:06:52', 1, '2020-05-31 18:51:00'),
(39, 63, 20000, NULL, '123', '', '2020-05-31 18:08:24', 1, '2020-05-31 18:51:00'),
(40, 64, 20000, NULL, '1234', '', '2020-05-31 18:10:00', 1, '2020-05-31 18:51:00'),
(41, 65, 20000, NULL, '123', '', '2020-05-31 18:11:32', 1, '2020-05-31 18:50:00'),
(42, 22, 14000, '5ed3f367bfe2d.jpg', '1234', 'NIL', '2020-05-31 18:11:51', 1, '2020-05-31 18:13:00'),
(43, 66, 20000, NULL, '123', '', '2020-05-31 18:13:39', 1, '2020-05-31 18:50:00'),
(44, 67, 20000, NULL, '1234', '', '2020-05-31 18:14:53', 1, '2020-05-31 18:50:00'),
(45, 68, 20000, NULL, '1234', '', '2020-05-31 18:27:40', 1, '2020-05-31 18:50:00'),
(46, 24, 14000, '5ed3f72d28fa6.jpg', '1234', 'NIL', '2020-05-31 18:27:57', 1, '2020-05-31 18:29:00'),
(47, 69, 20000, NULL, '1234', '', '2020-05-31 18:29:39', 1, '2020-05-31 18:50:00'),
(48, 70, 20000, NULL, '1234', '', '2020-05-31 18:32:33', 1, '2020-05-31 18:50:00'),
(49, 70, 20000, NULL, '1234', '', '2020-05-31 18:32:54', 2, '2020-05-31 18:34:00'),
(50, 71, 20000, NULL, '123', '', '2020-05-31 18:35:54', 1, '2020-05-31 18:49:00'),
(51, 72, 20000, NULL, '1234', '', '2020-05-31 18:37:49', 1, '2020-05-31 18:49:00'),
(52, 19, 20000, NULL, '123', '', '2020-05-31 18:40:52', 1, '2020-05-31 18:49:00'),
(53, 73, 20000, NULL, '123', '', '2020-05-31 18:42:01', 1, '2020-05-31 18:49:00'),
(54, 29, 14000, '5ed3fa92a514f.jpg', '1234', 'NIL', '2020-05-31 18:42:26', 1, '2020-05-31 18:45:00'),
(55, 74, 20000, NULL, '123', '', '2020-05-31 18:43:24', 1, '2020-05-31 18:49:00'),
(56, 75, 20000, NULL, '123', '', '2020-05-31 18:44:19', 1, '2020-05-31 18:49:00'),
(57, 76, 20000, NULL, '1234', '', '2020-05-31 18:45:45', 1, '2020-05-31 18:49:00'),
(58, 77, 20000, NULL, '123', '', '2020-05-31 18:46:52', 1, '2020-05-31 18:49:00'),
(59, 31, 20000, NULL, '1234', '', '2020-06-01 05:19:45', 1, '2020-06-01 05:20:00'),
(60, 31, 20000, NULL, '1234', '', '2020-06-01 05:19:49', 2, '2020-06-01 05:20:00'),
(61, 43, 14000, '5ed491e81f42d.jpg', '1234', 'NIL', '2020-06-01 05:28:08', 1, '2020-06-01 05:32:00'),
(62, 45, 14000, '5ed493762de0c.jpg', '1234', 'nil', '2020-06-01 05:34:46', 1, '2020-06-01 05:35:00'),
(63, 46, 14000, '5ed4945d00a75.jpg', '1234', 'NIL', '2020-06-01 05:38:37', 1, '2020-06-01 05:39:00'),
(64, 47, 14000, '5ed49574c0c7c.jpg', '1234', 'NIL', '2020-06-01 05:43:16', 1, '2020-06-01 05:45:00'),
(65, 55, 14000, '5ed497c986dc8.jpg', '1234', 'NIL', '2020-06-01 05:53:13', 1, '2020-06-01 06:00:00'),
(66, 56, 14000, '5ed49aae70c5c.jpg', '1234', 'NIL', '2020-06-01 06:05:34', 1, '2020-06-01 06:05:00'),
(67, 4, 15000, NULL, '1234', '', '2020-06-01 06:20:05', 1, '2020-06-01 06:20:00'),
(68, 5, 15000, NULL, '1234', '', '2020-06-01 06:22:42', 1, '2020-06-01 06:22:00'),
(69, 7, 15000, NULL, '1234', '', '2020-06-01 06:26:08', 1, '2020-06-01 06:27:00'),
(70, 11, 15000, NULL, '1234', '', '2020-06-01 06:30:10', 1, '2020-06-01 06:30:00'),
(71, 57, 14000, '5ed4a08361271.jpg', '1234', 'NIL', '2020-06-01 06:30:27', 1, '2020-06-01 06:31:00'),
(72, 13, 15000, NULL, '1234', '', '2020-06-01 06:34:38', 1, '2020-06-01 06:34:00'),
(73, 15, 15000, NULL, '1234', '', '2020-06-01 06:38:56', 1, '2020-06-01 06:39:00'),
(74, 16, 15000, NULL, '123', '', '2020-06-01 06:43:13', 1, '2020-06-01 06:43:00'),
(75, 20, 15000, NULL, '1234', '', '2020-06-01 06:47:49', 1, '2020-06-01 06:48:00'),
(76, 25, 15000, NULL, '123', '', '2020-06-01 06:51:41', 1, '2020-06-01 06:51:00'),
(77, 26, 15000, NULL, '123', '', '2020-06-01 06:55:01', 1, '2020-06-01 06:55:00'),
(78, 27, 15000, NULL, '1234', '', '2020-06-01 07:01:34', 1, '2020-06-01 07:01:00'),
(79, 28, 1500, NULL, '123', '', '2020-06-01 07:05:25', 1, '2020-06-01 07:05:00');

-- --------------------------------------------------------

--
-- Table structure for table `bonus`
--

CREATE TABLE `bonus` (
  `bid` int(11) NOT NULL,
  `uid` int(11) DEFAULT NULL,
  `amount1` decimal(10,2) NOT NULL DEFAULT '0.00',
  `amount2` decimal(10,2) NOT NULL DEFAULT '0.00',
  `amount3` decimal(10,2) NOT NULL DEFAULT '0.00',
  `amount4` decimal(10,2) NOT NULL DEFAULT '0.00',
  `amount5` decimal(10,2) NOT NULL DEFAULT '0.00',
  `amount6` decimal(10,2) NOT NULL DEFAULT '0.00',
  `amount7` decimal(10,2) NOT NULL DEFAULT '0.00',
  `amount8` decimal(10,2) DEFAULT '0.00',
  `amount9` decimal(10,2) DEFAULT '0.00',
  `amount10` decimal(10,2) DEFAULT '0.00',
  `amount11` decimal(10,2) DEFAULT '0.00',
  `amount12` decimal(10,2) DEFAULT '0.00',
  `amount13` decimal(10,2) DEFAULT '0.00',
  `amount14` decimal(10,2) DEFAULT '0.00',
  `amount15` decimal(10,2) DEFAULT '0.00',
  `date` datetime DEFAULT NULL
) ENGINE=InnoDB DEFAULT CHARSET=latin1;

-- --------------------------------------------------------

--
-- Table structure for table `bonus_history`
--

CREATE TABLE `bonus_history` (
  `hostory_id` int(11) NOT NULL,
  `uid` int(11) DEFAULT NULL,
  `bonus_amount` varchar(255) DEFAULT NULL,
  `date` datetime DEFAULT NULL
) ENGINE=InnoDB DEFAULT CHARSET=latin1;

-- --------------------------------------------------------

--
-- Table structure for table `cart`
--

CREATE TABLE `cart` (
  `cart_id` int(11) NOT NULL,
  `product_id` int(11) DEFAULT NULL,
  `name` varchar(500) DEFAULT NULL,
  `qty` int(11) DEFAULT '0',
  `price` decimal(12,2) DEFAULT '0.00',
  `bv` int(11) DEFAULT '0',
  `total` decimal(12,2) DEFAULT '0.00',
  `date` datetime DEFAULT NULL,
  `uid` int(11) DEFAULT NULL,
  `ip` varchar(500) DEFAULT NULL,
  `transaction_id` text
) ENGINE=InnoDB DEFAULT CHARSET=utf8mb4;

--
-- Dumping data for table `cart`
--

INSERT INTO `cart` (`cart_id`, `product_id`, `name`, `qty`, `price`, `bv`, `total`, `date`, `uid`, `ip`, `transaction_id`) VALUES
(2, 8, 'Test Product8', 1, 12000.00, 5000, 12000.00, '2020-05-31 15:35:35', 2, '183.87.78.168', '15'),
(3, 8, 'Test Product8', 1, 12000.00, 5000, 12000.00, '2020-05-31 15:35:43', 3, '27.106.116.139', '59'),
(4, 8, 'Test Product8', 1, 12000.00, 5000, 12000.00, '2020-05-31 15:58:31', 6, '183.87.78.168', '2'),
(5, 5, 'Test Product5', 1, 1999.00, 750, 1999.00, '2020-05-31 15:59:21', 6, '183.87.78.168', '2'),
(7, 8, 'Test Product8', 1, 12000.00, 5000, 12000.00, '2020-05-31 16:16:36', 8, '183.87.78.168', '3'),
(12, 5, 'Test Product5', 1, 1999.00, 750, 1999.00, '2020-05-31 16:43:48', 8, '183.87.78.168', '3'),
(13, 5, 'Test Product5', 1, 1999.00, 750, 1999.00, '2020-05-31 16:45:57', 10, '183.87.78.168', '4'),
(14, 8, 'Test Product8', 1, 12000.00, 5000, 12000.00, '2020-05-31 16:46:05', 10, '183.87.78.168', '4'),
(15, 5, 'Test Product5', 1, 1999.00, 750, 1999.00, '2020-05-31 16:53:42', 17, '183.87.78.168', '5'),
(16, 8, 'Test Product8', 1, 12000.00, 5000, 12000.00, '2020-05-31 16:53:50', 17, '183.87.78.168', '5'),
(17, 5, 'Test Product5', 1, 1999.00, 750, 1999.00, '2020-05-31 16:57:28', 18, '183.87.78.168', '6'),
(18, 8, 'Test Product8', 1, 12000.00, 5000, 12000.00, '2020-05-31 16:57:37', 18, '183.87.78.168', '6'),
(19, 5, 'Test Product5', 1, 1999.00, 750, 1999.00, '2020-05-31 17:15:51', 23, '183.87.78.168', '7'),
(20, 8, 'Test Product8', 1, 12000.00, 5000, 12000.00, '2020-05-31 17:16:02', 23, '183.87.78.168', '7'),
(21, 5, 'Test Product5', 1, 1999.00, 750, 1999.00, '2020-05-31 17:42:52', 30, '183.87.78.168', '8'),
(22, 8, 'Test Product8', 1, 12000.00, 5000, 12000.00, '2020-05-31 17:43:06', 30, '183.87.78.168', '8'),
(23, 5, 'Test Product5', 1, 1999.00, 750, 1999.00, '2020-05-31 17:46:35', 32, '183.87.78.168', '9'),
(24, 8, 'Test Product8', 1, 12000.00, 5000, 12000.00, '2020-05-31 17:46:41', 32, '183.87.78.168', '9'),
(25, 5, 'Test Product5', 1, 1999.00, 750, 1999.00, '2020-05-31 17:50:41', 33, '183.87.78.168', '10'),
(26, 8, 'Test Product8', 1, 12000.00, 5000, 12000.00, '2020-05-31 17:50:54', 33, '183.87.78.168', '10'),
(27, 5, 'Test Product5', 1, 1999.00, 750, 1999.00, '2020-05-31 17:54:37', 34, '183.87.78.168', '11'),
(28, 8, 'Test Product8', 1, 12000.00, 5000, 12000.00, '2020-05-31 17:54:45', 34, '183.87.78.168', '11'),
(29, 5, 'Test Product5', 1, 1999.00, 750, 1999.00, '2020-05-31 18:02:46', 35, '183.87.78.168', '12'),
(30, 8, 'Test Product8', 1, 12000.00, 5000, 12000.00, '2020-05-31 18:02:53', 35, '183.87.78.168', '12'),
(31, 5, 'Test Product5', 1, 1999.00, 750, 1999.00, '2020-05-31 18:10:10', 21, '183.87.78.168', '13'),
(32, 8, 'Test Product8', 1, 12000.00, 5000, 12000.00, '2020-05-31 18:10:19', 21, '183.87.78.168', '13'),
(33, 5, 'Test Product5', 1, 1999.00, 750, 1999.00, '2020-05-31 18:33:56', 24, '183.87.78.168', '14'),
(34, 8, 'Test Product8', 1, 12000.00, 5000, 12000.00, '2020-05-31 18:34:29', 24, '183.87.78.168', '14'),
(35, 5, 'Test Product5', 1, 1999.00, 750, 1999.00, '2020-05-31 18:40:00', 2, '183.87.78.168', '15'),
(36, 8, 'Test Product8', 1, 12000.00, 5000, 12000.00, '2020-06-01 05:06:53', 12, '27.106.116.139', '16'),
(37, 8, 'Test Product8', 1, 12000.00, 5000, 12000.00, '2020-06-01 05:10:48', 14, '27.106.116.139', '17'),
(39, 8, 'Test Product8', 1, 12000.00, 5000, 12000.00, '2020-06-01 05:21:52', 31, '27.106.116.139', '19'),
(40, 7, 'Test Product7', 1, 2500.00, 1000, 2500.00, '2020-06-01 05:24:09', 31, '27.106.116.139', '19'),
(41, 8, 'Test Product8', 1, 12000.00, 5000, 12000.00, '2020-06-01 05:27:28', 36, '27.106.116.139', '20'),
(42, 8, 'Test Product8', 1, 12000.00, 5000, 12000.00, '2020-06-01 05:32:38', 44, '27.106.116.139', '21'),
(43, 5, 'Test Product5', 1, 1999.00, 750, 1999.00, '2020-06-01 05:32:50', 43, '183.87.78.168', '22'),
(44, 8, 'Test Product8', 1, 12000.00, 5000, 12000.00, '2020-06-01 05:32:58', 43, '183.87.78.168', '22'),
(45, 8, 'Test Product8', 1, 12000.00, 5000, 12000.00, '2020-06-01 05:34:04', 48, '27.106.116.139', '23'),
(46, 5, 'Test Product5', 1, 1999.00, 750, 1999.00, '2020-06-01 05:36:05', 45, '183.87.78.168', '24'),
(47, 8, 'Test Product8', 1, 12000.00, 5000, 12000.00, '2020-06-01 05:36:14', 45, '183.87.78.168', '24'),
(48, 8, 'Test Product8', 1, 12000.00, 5000, 12000.00, '2020-06-01 05:36:30', 49, '27.106.116.139', '25'),
(49, 8, 'Test Product8', 1, 12000.00, 5000, 12000.00, '2020-06-01 05:37:55', 62, '27.106.116.139', '26'),
(50, 5, 'Test Product5', 1, 1999.00, 750, 1999.00, '2020-06-01 05:40:15', 46, '183.87.78.168', '27'),
(51, 8, 'Test Product8', 1, 12000.00, 5000, 12000.00, '2020-06-01 05:40:24', 46, '183.87.78.168', '27'),
(52, 8, 'Test Product8', 1, 12000.00, 5000, 12000.00, '2020-06-01 05:40:41', 63, '27.106.116.139', '28'),
(53, 8, 'Test Product8', 1, 12000.00, 5000, 12000.00, '2020-06-01 05:41:39', 64, '27.106.116.139', '29'),
(54, 8, 'Test Product8', 1, 12000.00, 5000, 12000.00, '2020-06-01 05:42:32', 65, '27.106.116.139', '30'),
(55, 8, 'Test Product8', 1, 12000.00, 5000, 12000.00, '2020-06-01 05:43:35', 66, '27.106.116.139', '31'),
(56, 5, 'Test Product5', 1, 1999.00, 750, 1999.00, '2020-06-01 05:46:30', 47, '183.87.78.168', '34'),
(57, 8, 'Test Product8', 1, 12000.00, 5000, 12000.00, '2020-06-01 05:46:48', 47, '183.87.78.168', '34'),
(58, 8, 'Test Product8', 1, 12000.00, 5000, 12000.00, '2020-06-01 05:47:14', 67, '27.106.116.139', '32'),
(59, 8, 'Test Product8', 1, 12000.00, 5000, 12000.00, '2020-06-01 05:49:04', 68, '27.106.116.139', '33'),
(60, 8, 'Test Product8', 1, 12000.00, 5000, 12000.00, '2020-06-01 05:50:45', 69, '27.106.116.139', '35'),
(61, 8, 'Test Product8', 1, 12000.00, 5000, 12000.00, '2020-06-01 05:54:29', 70, '27.106.116.139', '36'),
(62, 8, 'Test Product8', 1, 12000.00, 5000, 12000.00, '2020-06-01 05:55:54', 71, '27.106.116.139', '37'),
(63, 8, 'Test Product8', 1, 12000.00, 5000, 12000.00, '2020-06-01 05:56:52', 72, '27.106.116.139', '38'),
(64, 8, 'Test Product8', 1, 12000.00, 5000, 12000.00, '2020-06-01 05:58:08', 73, '27.106.116.139', '39'),
(65, 8, 'Test Product8', 1, 12000.00, 5000, 12000.00, '2020-06-01 05:59:17', 74, '27.106.116.139', '40'),
(66, 8, 'Test Product8', 1, 12000.00, 5000, 12000.00, '2020-06-01 06:01:22', 75, '27.106.116.139', '41'),
(67, 8, 'Test Product8', 1, 12000.00, 5000, 12000.00, '2020-06-01 06:02:35', 76, '27.106.116.139', '42'),
(68, 5, 'Test Product5', 1, 1999.00, 750, 1999.00, '2020-06-01 06:03:00', 55, '183.87.78.168', '43'),
(69, 8, 'Test Product8', 1, 12000.00, 5000, 12000.00, '2020-06-01 06:03:11', 55, '183.87.78.168', '43'),
(70, 8, 'Test Product8', 1, 12000.00, 5000, 12000.00, '2020-06-01 06:04:12', 77, '27.106.116.139', '44'),
(72, 8, 'Test Product8', 1, 12000.00, 5000, 12000.00, '2020-06-01 06:20:59', 4, '27.106.116.139', '46'),
(74, 8, 'Test Product8', 1, 12000.00, 5000, 12000.00, '2020-06-01 06:23:34', 5, '27.106.116.139', '47'),
(75, 13, 'Arthro Joint Support Capsule', 2, 999.00, 400, 1998.00, '2020-06-01 06:24:13', 56, '183.87.78.168', '49'),
(76, 10, 'Guru Food Spray', 5, 2000.00, 5000, 10000.00, '2020-06-01 06:26:40', 56, '183.87.78.168', '49'),
(77, 9, 'Guru Eternal Spray', 1, 2000.00, 1000, 2000.00, '2020-06-01 06:26:53', 56, '183.87.78.168', '49'),
(78, 8, 'Test Product8', 1, 12000.00, 5000, 12000.00, '2020-06-01 06:28:30', 7, '27.106.116.139', '50'),
(79, 8, 'Test Product8', 1, 12000.00, 5000, 12000.00, '2020-06-01 06:30:39', 11, '27.106.116.139', '51'),
(80, 8, 'Test Product8', 1, 12000.00, 5000, 12000.00, '2020-06-01 06:35:17', 4, '27.106.116.139', NULL),
(81, 8, 'Test Product8', 1, 12000.00, 5000, 12000.00, '2020-06-01 06:36:31', 13, '27.106.116.139', '52'),
(83, 8, 'Test Product8', 1, 12000.00, 5000, 12000.00, '2020-06-01 06:41:16', 15, '27.106.116.139', '53'),
(84, 8, 'Test Product8', 1, 12000.00, 5000, 12000.00, '2020-06-01 06:43:42', 16, '27.106.116.139', '54'),
(85, 8, 'Test Product8', 1, 12000.00, 5000, 12000.00, '2020-06-01 06:48:22', 20, '27.106.116.139', '55'),
(86, 8, 'Test Product8', 1, 12000.00, 5000, 12000.00, '2020-06-01 06:52:25', 25, '27.106.116.139', '56'),
(87, 8, 'Test Product8', 1, 12000.00, 5000, 12000.00, '2020-06-01 06:55:36', 26, '27.106.116.139', '57'),
(88, 8, 'Test Product8', 1, 12000.00, 5000, 12000.00, '2020-06-01 07:02:10', 27, '27.106.116.139', '58'),
(89, 8, 'Test Product8', 1, 12000.00, 5000, 12000.00, '2020-06-01 07:06:02', 28, '27.106.116.139', NULL),
(91, 9, 'Guru Eternal Spray', 1, 2250.00, 1000, 2250.00, '2020-06-01 11:35:03', 3, '27.106.116.139', '59');

-- --------------------------------------------------------

--
-- Table structure for table `checkout`
--

CREATE TABLE `checkout` (
  `id` int(11) NOT NULL,
  `uid` int(11) DEFAULT NULL,
  `product_ids` text,
  `amount` decimal(12,2) DEFAULT '0.00',
  `bv` int(20) DEFAULT '0',
  `fname` varchar(500) DEFAULT NULL,
  `lname` varchar(500) DEFAULT NULL,
  `email` varchar(500) DEFAULT NULL,
  `cname` varchar(500) DEFAULT NULL,
  `country` varchar(500) DEFAULT NULL,
  `street1` varchar(500) DEFAULT NULL,
  `street2` varchar(500) DEFAULT NULL,
  `city` varchar(200) DEFAULT NULL,
  `state` varchar(200) DEFAULT NULL,
  `postcode` varchar(200) DEFAULT NULL,
  `phone` varchar(50) DEFAULT NULL,
  `date` datetime DEFAULT NULL
) ENGINE=InnoDB DEFAULT CHARSET=utf8mb4;

--
-- Dumping data for table `checkout`
--

INSERT INTO `checkout` (`id`, `uid`, `product_ids`, `amount`, `bv`, `fname`, `lname`, `email`, `cname`, `country`, `street1`, `street2`, `city`, `state`, `postcode`, `phone`, `date`) VALUES
(1, 2, '8', 12000.00, 5000, 'JY', 'Nagare', 'yogeshnagare55@gmail.com', NULL, 'India', 'Mumbai', NULL, 'MUMBAI', 'Maharashtra', '400104', '8108021135', '2020-05-31 15:42:31'),
(2, 6, '8,5', 13999.00, 5750, 'NAYAN', 'WARIK', 'yogeshnagare55@gmail.com', NULL, 'India', 'GOREGON (W)', NULL, 'MUMBAI', 'Maharashtra', '400104', '8108200185', '2020-05-31 16:02:22'),
(3, 8, '8,5', 13999.00, 5750, 'NAYAN', 'WARIK', 'yogeshnagare55@gmail.com', NULL, 'India', 'GOREGON (W)', NULL, 'MUMBAI', 'Maharashtra', '400104', '8108200185', '2020-05-31 16:44:09'),
(4, 10, '5,8', 13999.00, 5750, 'NAYAN', 'WARIK', 'yogeshnagare55@gmail.com', NULL, 'India', 'GOREGON (W)', NULL, 'MUMBAI', 'Maharashtra', '400104', '8108200185', '2020-05-31 16:46:53'),
(5, 17, '5,8', 13999.00, 5750, 'NAYAN', 'WARIK', 'yogeshnagare55@gmail.com', NULL, 'India', 'GOREGON (W)', NULL, 'MUMBAI', 'Maharashtra', '400104', '8108200185', '2020-05-31 16:54:06'),
(6, 18, '5,8', 13999.00, 5750, 'NAYAN', 'WARIK', 'yogeshnagare55@gmail.com', NULL, 'India', 'GOREGON (W)', NULL, 'MUMBAI', 'Maharashtra', '400104', '8108200185', '2020-05-31 16:57:53'),
(7, 23, '5,8', 13999.00, 5750, 'NAYAN', 'WARIK', 'yogeshnagare55@gmail.com', NULL, 'India', 'GOREGON (W)', NULL, 'MUMBAI', 'Maharashtra', '400104', '8108200185', '2020-05-31 17:16:50'),
(8, 30, '5,8', 13999.00, 5750, 'NAYAN', 'WARIK', 'yogeshnagare55@gmail.com', NULL, 'India', 'GOREGON (W)', NULL, 'MUMBAI', 'Maharashtra', '400104', '8108200185', '2020-05-31 17:43:43'),
(9, 32, '5,8', 13999.00, 5750, 'NAYAN', 'WARIK', 'yogeshnagare55@gmail.com', NULL, 'India', 'GOREGON (W)', NULL, 'MUMBAI', 'Maharashtra', '400104', '8108200185', '2020-05-31 17:47:17'),
(10, 33, '5,8', 13999.00, 5750, 'NAYAN', 'WARIK', 'yogeshnagare55@gmail.com', NULL, 'India', 'GOREGON (W)', NULL, 'MUMBAI', 'Maharashtra', '400104', '8108200185', '2020-05-31 17:51:10'),
(11, 34, '5,8', 13999.00, 5750, 'NAYAN', 'WARIK', 'yogeshnagare55@gmail.com', NULL, 'India', 'GOREGON (W)', NULL, 'MUMBAI', 'Maharashtra', '400104', '8108200185', '2020-05-31 17:55:00'),
(12, 35, '5,8', 13999.00, 5750, 'NAYAN', 'WARIK', 'yogeshnagare55@gmail.com', NULL, 'India', 'GOREGON (W)', NULL, 'MUMBAI', 'Maharashtra', '400104', '8108200185', '2020-05-31 18:03:31'),
(13, 21, '5,8', 13999.00, 5750, 'NAYAN', 'WARIK', 'yogeshnagare55@gmail.com', NULL, 'India', 'GOREGON (W)', NULL, 'MUMBAI', 'Maharashtra', '400104', '8108200185', '2020-05-31 18:10:36'),
(14, 24, '5,8', 13999.00, 5750, 'NAYAN', 'WARIK', 'yogeshnagare55@gmail.com', NULL, 'India', 'GOREGON (W)', NULL, 'MUMBAI', 'Maharashtra', '400104', '8108200185', '2020-05-31 18:35:31'),
(15, 2, '5', 1999.00, 750, 'NAYAN', 'WARIK', 'yogeshnagare55@gmail.com', NULL, 'India', 'Naded nadae', NULL, 'Naded', 'Maharashtra', '400104', '8108021135', '2020-05-31 18:41:02'),
(16, 12, '8', 12000.00, 5000, 'GAJENDRA', 'SOLANKI', 'gps927@gmail.com', NULL, 'India', '1701/2, RAHEJA TIPCO HEIG', NULL, 'MUMBAI', 'MAHARASHTRA', '400097', '9082104039', '2020-06-01 05:07:52'),
(17, 14, '8', 12000.00, 5000, 'GAJENDRA', 'SOLANKI', 'gps927@gmail.com', NULL, 'India', '1701/2, RAHEJA TIPCO HEIG', NULL, 'MUMBAI', 'MAHARASHTRA', '400097', '9082104039', '2020-06-01 05:11:43'),
(18, 31, '8', 12000.00, 5000, 'GAJENDRA', 'SOLANKI', 'gps927@gmail.com', NULL, 'India', '1701/2, RAHEJA TIPCO HEIG', NULL, 'MUMBAI', 'MAHARASHTRA', '400097', '9082104039', '2020-06-01 05:23:05'),
(19, 31, '7', 2500.00, 1000, 'GAJENDRA', 'SOLANKI', 'gps927@gmail.com', NULL, 'India', '1701/2, RAHEJA TIPCO HEIG', NULL, 'MUMBAI', 'MAHARASHTRA', '400097', '9082104039', '2020-06-01 05:24:54'),
(20, 36, '8', 12000.00, 5000, 'GAJENDRA', 'SOLANKI', 'gps927@gmail.com', NULL, 'India', '1701/2, RAHEJA TIPCO HEIG', NULL, 'MUMBAI', 'MAHARASHTRA', '400097', '9082104039', '2020-06-01 05:27:55'),
(21, 44, '8', 12000.00, 5000, 'GAJENDRA', 'SOLANKI', 'gps927@gmail.com', NULL, 'India', '1701/2, RAHEJA TIPCO HEIG', NULL, 'MUMBAI', 'MAHARASHTRA', '400097', '9082104039', '2020-06-01 05:33:29'),
(22, 43, '5,8', 13999.00, 5750, 'NAYAN', 'WARIK', 'yogeshnagare55@gmail.com', NULL, 'India', 'GOREGON (W)', NULL, 'MUMBAI', 'Maharashtra', '400104', '8108200185', '2020-06-01 05:33:30'),
(23, 48, '8', 12000.00, 5000, 'GAJENDRA', 'SOLANKI', 'gps927@gmail.com', NULL, 'India', '1701/2, RAHEJA TIPCO HEIG', NULL, 'MUMBAI', 'MAHARASHTRA', '400097', '9082104039', '2020-06-01 05:34:46'),
(24, 45, '5,8', 13999.00, 5750, 'NAYAN', 'WARIK', 'yogeshnagare55@gmail.com', NULL, 'India', 'GOREGON (W)', NULL, 'MUMBAI', 'Maharashtra', '400104', '8108200185', '2020-06-01 05:37:04'),
(25, 49, '8', 12000.00, 5000, 'GAJENDRA', 'SOLANKI', 'gps927@gmail.com', NULL, 'India', '1701/2, RAHEJA TIPCO HEIG', NULL, 'MUMBAI', 'MAHARASHTRA', '400097', '9082104039', '2020-06-01 05:37:32'),
(26, 62, '8', 12000.00, 5000, 'GAJENDRA', 'SOLANKI', 'gps927@gmail.com', NULL, 'India', '1701/2, RAHEJA TIPCO HEIG', NULL, 'MUMBAI', 'MAHARASHTRA', '400097', '9082104039', '2020-06-01 05:38:32'),
(27, 46, '5,8', 13999.00, 5750, 'NAYAN', 'WARIK', 'yogeshnagare55@gmail.com', NULL, 'India', 'GOREGON (W)', NULL, 'MUMBAI', 'Maharashtra', '400104', '8108200185', '2020-06-01 05:41:11'),
(28, 63, '8', 12000.00, 5000, 'GAJENDRA', 'SOLANKI', 'gps927@gmail.com', NULL, 'India', '1701/2, RAHEJA TIPCO HEIG', NULL, 'MUMBAI', 'MAHARASHTRA', '400097', '9082104039', '2020-06-01 05:41:16'),
(29, 64, '8', 12000.00, 5000, 'GAJENDRA', 'SOLANKI', 'gps927@gmail.com', NULL, 'India', '1701/2, RAHEJA TIPCO HEIG', NULL, 'MUMBAI', 'MAHARASHTRA', '400097', '9082104039', '2020-06-01 05:42:13'),
(30, 65, '8', 12000.00, 5000, 'GAJENDRA', 'SOLANKI', 'gps927@gmail.com', NULL, 'India', '1701/2, RAHEJA TIPCO HEIG', NULL, 'MUMBAI', 'MAHARASHTRA', '400097', '9082104039', '2020-06-01 05:43:11'),
(31, 66, '8', 12000.00, 5000, 'GAJENDRA', 'SOLANKI', 'gps927@gmail.com', NULL, 'India', '1701/2, RAHEJA TIPCO HEIG', NULL, 'MUMBAI', 'MAHARASHTRA', '400097', '9082104039', '2020-06-01 05:44:15'),
(32, 67, '8', 12000.00, 5000, 'GAJENDRA', 'SOLANKI', 'gps927@gmail.com', NULL, 'India', '1701/2, RAHEJA TIPCO HEIG', NULL, 'MUMBAI', 'MAHARASHTRA', '400097', '9082104039', '2020-06-01 05:48:10'),
(33, 68, '8', 12000.00, 5000, 'GAJENDRA', 'SOLANKI', 'gps927@gmail.com', NULL, 'India', '1701/2, RAHEJA TIPCO HEIG', NULL, 'MUMBAI', 'MAHARASHTRA', '400097', '9082104039', '2020-06-01 05:50:10'),
(34, 47, '5,8', 13999.00, 5750, 'NAYAN', 'WARIK', 'yogeshnagare55@gmail.com', NULL, 'India', 'GOREGON (W)', NULL, 'MUMBAI', 'Maharashtra', '400104', '8108200185', '2020-06-01 05:51:18'),
(35, 69, '8', 12000.00, 5000, 'GAJENDRA', 'SOLANKI', 'gps927@gmail.com', NULL, 'India', '1701/2, RAHEJA TIPCO HEIG', NULL, 'MUMBAI', 'MAHARASHTRA', '400097', '9082104039', '2020-06-01 05:53:47'),
(36, 70, '8', 12000.00, 5000, 'GAJENDRA', 'SOLANKI', 'gps927@gmail.com', NULL, 'India', '1701/2, RAHEJA TIPCO HEIG', NULL, 'MUMBAI', 'MAHARASHTRA', '400097', '9082104039', '2020-06-01 05:55:14'),
(37, 71, '8', 12000.00, 5000, 'GAJENDRA', 'SOLANKI', 'gps927@gmail.com', NULL, 'India', '1701/2, RAHEJA TIPCO HEIG', NULL, 'MUMBAI', 'MAHARASHTRA', '400097', '9082104039', '2020-06-01 05:56:24'),
(38, 72, '8', 12000.00, 5000, 'GAJENDRA', 'SOLANKI', 'gps927@gmail.com', NULL, 'India', '1701/2, RAHEJA TIPCO HEIG', NULL, 'MUMBAI', 'MAHARASHTRA', '400097', '9082104039', '2020-06-01 05:57:33'),
(39, 73, '8', 12000.00, 5000, 'GAJENDRA', 'SOLANKI', 'gps927@gmail.com', NULL, 'India', '1701/2, RAHEJA TIPCO HEIG', NULL, 'MUMBAI', 'MAHARASHTRA', '400097', '9082104039', '2020-06-01 05:58:51'),
(40, 74, '8', 12000.00, 5000, 'GAJENDRA', 'SOLANKI', 'gps927@gmail.com', NULL, 'India', '1701/2, RAHEJA TIPCO HEIG', NULL, 'MUMBAI', 'MAHARASHTRA', '400097', '9082104039', '2020-06-01 05:59:56'),
(41, 75, '8', 12000.00, 5000, 'GAJENDRA', 'SOLANKI', 'gps927@gmail.com', NULL, 'India', '1701/2, RAHEJA TIPCO HEIG', NULL, 'MUMBAI', 'MAHARASHTRA', '400097', '9082104039', '2020-06-01 06:02:02'),
(42, 76, '8', 12000.00, 5000, 'GAJENDRA', 'SOLANKI', 'gps927@gmail.com', NULL, 'India', '1701/2, RAHEJA TIPCO HEIG', NULL, 'MUMBAI', 'MAHARASHTRA', '400097', '9082104039', '2020-06-01 06:03:17'),
(43, 55, '5,8', 13999.00, 5750, 'NAYAN', 'WARIK', 'yogeshnagare55@gmail.com', NULL, 'India', 'GOREGON (W)', NULL, 'MUMBAI', 'Maharashtra', '400104', '8108200185', '2020-06-01 06:04:01'),
(44, 77, '8', 12000.00, 5000, 'GAJENDRA', 'SOLANKI', 'gps927@gmail.com', NULL, 'India', '1701/2, RAHEJA TIPCO HEIG', NULL, 'MUMBAI', 'MAHARASHTRA', '400097', '9082104039', '2020-06-01 06:04:55'),
(45, 3, '8', 12000.00, 5000, 'GAJENDRA', 'SOLANKI', 'gps927@gmail.com', NULL, 'India', '1701/2, RAHEJA TIPCO HEIG', NULL, 'MUMBAI', 'MAHARASHTRA', '400097', '9082104039', '2020-06-01 06:12:30'),
(46, 4, '8', 12000.00, 5000, 'GAJENDRA', 'SOLANKI', 'gps927@gmail.com', NULL, 'India', '1701/2, RAHEJA TIPCO HEIG', NULL, 'MUMBAI', 'MAHARASHTRA', '400097', '9082104039', '2020-06-01 06:21:46'),
(47, 5, '8', 12000.00, 5000, 'GAJENDRA', 'SOLANKI', 'gps927@gmail.com', NULL, 'India', '1701/2, RAHEJA TIPCO HEIG', NULL, 'MUMBAI', 'MAHARASHTRA', '400097', '9082104039', '2020-06-01 06:24:27'),
(48, 56, '13', 1998.00, 800, 'NAYAN', 'WARIK', 'yogeshnagare55@gmail.com', NULL, 'India', 'GOREGON (W)', NULL, 'MUMBAI', 'Maharashtra', '400104', '8108200185', '2020-06-01 06:26:06'),
(49, 56, '10,9', 12000.00, 26000, 'NAYAN', 'WARIK', 'yogeshnagare55@gmail.com', NULL, 'India', 'GOREGON (W)', NULL, 'MUMBAI', 'Maharashtra', '400104', '8108200185', '2020-06-01 06:27:13'),
(50, 7, '8', 12000.00, 5000, 'GAJENDRA', 'SOLANKI', 'gps927@gmail.com', NULL, 'India', '1701/2, RAHEJA TIPCO HEIG', NULL, 'MUMBAI', 'MAHARASHTRA', '400097', '9082104039', '2020-06-01 06:29:14'),
(51, 11, '8', 12000.00, 5000, 'GAJENDRA', 'SOLANKI', 'gps927@gmail.com', NULL, 'India', '1701/2, RAHEJA TIPCO HEIG', NULL, 'MUMBAI', 'MAHARASHTRA', '400097', '9082104039', '2020-06-01 06:31:13'),
(52, 13, '8', 12000.00, 5000, 'GAJENDRA', 'SOLANKI', 'gps927@gmail.com', NULL, 'India', '1701/2, RAHEJA TIPCO HEIG', NULL, 'MUMBAI', 'MAHARASHTRA', '400097', '9082104039', '2020-06-01 06:37:10'),
(53, 15, '8', 12000.00, 5000, 'GAJENDRA', 'SOLANKI', 'gps927@gmail.com', NULL, 'India', '1701/2, RAHEJA TIPCO HEIG', NULL, 'MUMBAI', 'MAHARASHTRA', '400097', '9082104039', '2020-06-01 06:41:42'),
(54, 16, '8', 12000.00, 5000, 'GAJENDRA', 'SOLANKI', 'gps927@gmail.com', NULL, 'India', '1701/2, RAHEJA TIPCO HEIG', NULL, 'MUMBAI', 'MAHARASHTRA', '400097', '9082104039', '2020-06-01 06:44:27'),
(55, 20, '8', 12000.00, 5000, 'GAJENDRA', 'SOLANKI', 'gps927@gmail.com', NULL, 'India', '1701/2, RAHEJA TIPCO HEIG', NULL, 'MUMBAI', 'MAHARASHTRA', '400097', '9082104039', '2020-06-01 06:49:35'),
(56, 25, '8', 12000.00, 5000, 'GAJENDRA', 'SOLANKI', 'gps927@gmail.com', NULL, 'India', '1701/2, RAHEJA TIPCO HEIG', NULL, 'MUMBAI', 'MAHARASHTRA', '400097', '9082104039', '2020-06-01 06:53:03'),
(57, 26, '8', 12000.00, 5000, 'GAJENDRA', 'SOLANKI', 'gps927@gmail.com', NULL, 'India', '1701/2, RAHEJA TIPCO HEIG', NULL, 'MUMBAI', 'MAHARASHTRA', '400097', '9082104039', '2020-06-01 06:56:16'),
(58, 27, '8', 12000.00, 5000, 'GAJENDRA', 'SOLANKI', 'gps927@gmail.com', NULL, 'India', '1701/2, RAHEJA TIPCO HEIG', NULL, 'MUMBAI', 'MAHARASHTRA', '400097', '9082104039', '2020-06-01 07:03:02'),
(59, 3, '9', 2250.00, 1000, 'GAJENDRA', 'SOLANKI', 'gps927@gmail.com', NULL, 'India', '1701/2, RAHEJA TIPCO HEIG', NULL, 'MUMBAI', 'MAHARASHTRA', '400097', '9082104039', '2020-06-01 11:36:23');

-- --------------------------------------------------------

--
-- Table structure for table `child_counter`
--

CREATE TABLE `child_counter` (
  `id` int(11) NOT NULL,
  `uid` int(11) DEFAULT NULL,
  `count` int(11) DEFAULT '0',
  `sponsor_count` int(11) NOT NULL DEFAULT '0',
  `uleftcount` int(11) NOT NULL DEFAULT '0',
  `urightcount` int(11) NOT NULL DEFAULT '0',
  `leftcount` int(11) NOT NULL DEFAULT '0',
  `rightcount` int(11) NOT NULL DEFAULT '0',
  `total_left_count` int(11) DEFAULT '0',
  `total_right_count` int(11) DEFAULT '0',
  `totalcount` int(11) NOT NULL DEFAULT '0',
  `left_bv` int(20) DEFAULT '0',
  `right_bv` int(20) DEFAULT '0',
  `PV` int(20) DEFAULT '0',
  `tpv` int(11) DEFAULT '0',
  `rleft_bv` int(11) NOT NULL DEFAULT '0',
  `rright_bv` int(11) NOT NULL DEFAULT '0'
) ENGINE=InnoDB DEFAULT CHARSET=latin1 ROW_FORMAT=COMPACT;

--
-- Dumping data for table `child_counter`
--

INSERT INTO `child_counter` (`id`, `uid`, `count`, `sponsor_count`, `uleftcount`, `urightcount`, `leftcount`, `rightcount`, `total_left_count`, `total_right_count`, `totalcount`, `left_bv`, `right_bv`, `PV`, `tpv`, `rleft_bv`, `rright_bv`) VALUES
(1, 1, 2, 6, 0, 0, 49, 48, 49, 48, 0, 6000, 20750, 0, 0, 1000, 0),
(2, 2, 2, 13, 0, 0, 39, 8, 39, 8, 0, 43300, 0, 0, 0, 0, 0),
(3, 3, 2, 5, 0, 0, 25, 23, 25, 23, 0, 0, 0, 0, 20, 0, 0),
(4, 4, 1, 0, 0, 0, 0, 7, 0, 7, 0, 0, 0, 0, 0, 0, 0),
(5, 5, 1, 0, 0, 0, 0, 6, 0, 6, 0, 0, 0, 0, 0, 0, 0),
(6, 6, 1, 1, 0, 0, 38, 0, 38, 0, 0, 5750, 0, 0, 0, 0, 0),
(7, 7, 1, 0, 0, 0, 0, 5, 0, 5, 0, 0, 0, 0, 0, 0, 0),
(8, 8, 2, 12, 0, 0, 13, 24, 13, 24, 0, 0, 28750, 0, 0, 0, 0),
(9, 9, 1, 0, 0, 0, 12, 0, 12, 0, 0, 0, 0, 0, 0, 0, 0),
(10, 10, 2, 18, 0, 0, 8, 15, 8, 15, 0, 9500, 0, 0, 73, 0, 0),
(11, 11, 1, 0, 0, 0, 11, 0, 11, 0, 0, 0, 0, 0, 0, 0, 0),
(12, 12, 2, 7, 0, 0, 20, 4, 20, 4, 0, 4000, 0, 0, 32, 0, 0),
(13, 13, 2, 1, 0, 0, 8, 14, 8, 14, 0, 0, 0, 0, 0, 0, 0),
(14, 14, 2, 3, 0, 0, 18, 1, 18, 1, 0, 5000, 0, 0, 10, 0, 0),
(15, 15, 1, 0, 0, 0, 0, 14, 0, 14, 0, 0, 0, 0, 0, 0, 0),
(16, 16, 2, 13, 0, 0, 5, 8, 5, 8, 0, 0, 0, 0, 0, 0, 0),
(17, 17, 1, 0, 0, 0, 7, 0, 7, 0, 0, 0, 0, 0, 0, 0, 0),
(18, 18, 1, 0, 0, 0, 6, 0, 6, 0, 0, 0, 0, 0, 0, 0, 0),
(19, 19, 2, 3, 0, 0, 10, 7, 10, 7, 0, 0, 15000, 0, 0, 0, 0),
(20, 20, 1, 0, 0, 0, 0, 13, 0, 13, 0, 0, 0, 0, 0, 0, 0),
(21, 21, 1, 0, 0, 0, 0, 12, 0, 12, 0, 0, 0, 0, 0, 0, 0),
(22, 22, 1, 0, 0, 0, 0, 11, 0, 11, 0, 0, 0, 0, 0, 0, 0),
(23, 23, 1, 0, 0, 0, 5, 0, 5, 0, 0, 0, 0, 0, 0, 0, 0),
(24, 24, 1, 0, 0, 0, 0, 10, 0, 10, 0, 0, 0, 0, 0, 0, 0),
(25, 25, 1, 0, 0, 0, 0, 9, 0, 9, 0, 0, 0, 0, 0, 0, 0),
(26, 26, 1, 0, 0, 0, 0, 8, 0, 8, 0, 0, 0, 0, 0, 0, 0),
(27, 27, 1, 0, 0, 0, 0, 7, 0, 7, 0, 0, 0, 0, 0, 0, 0),
(28, 28, 1, 0, 0, 0, 0, 6, 0, 6, 0, 0, 0, 0, 0, 0, 0),
(29, 29, 1, 0, 0, 0, 0, 5, 0, 5, 0, 0, 0, 0, 0, 0, 0),
(30, 30, 1, 0, 0, 0, 4, 0, 4, 0, 0, 0, 0, 0, 0, 0, 0),
(31, 31, 2, 1, 0, 0, 1, 2, 1, 2, 0, 5000, 0, 0, 0, 0, 0),
(32, 32, 1, 0, 0, 0, 3, 0, 3, 0, 0, 0, 0, 0, 0, 0, 0),
(33, 33, 1, 0, 0, 0, 2, 0, 2, 0, 0, 0, 0, 0, 0, 0, 0),
(34, 34, 1, 0, 0, 0, 1, 0, 1, 0, 0, 0, 0, 0, 0, 0, 0),
(35, 35, 0, 0, 0, 0, 0, 0, 0, 0, 0, 0, 0, 0, 0, 0, 0),
(36, 36, 1, 0, 0, 0, 9, 0, 9, 0, 0, 0, 0, 0, 0, 0, 0),
(37, 37, 1, 0, 0, 0, 10, 0, 10, 0, 0, 0, 0, 0, 0, 0, 0),
(38, 38, 1, 0, 0, 0, 9, 0, 9, 0, 0, 0, 0, 0, 0, 0, 0),
(39, 39, 1, 0, 0, 0, 8, 0, 8, 0, 0, 0, 0, 0, 0, 0, 0),
(40, 40, 1, 0, 0, 0, 7, 0, 7, 0, 0, 0, 0, 0, 0, 0, 0),
(41, 41, 1, 0, 0, 0, 6, 0, 6, 0, 0, 0, 0, 0, 0, 0, 0),
(42, 42, 1, 0, 0, 0, 0, 4, 0, 4, 0, 0, 0, 0, 0, 0, 0),
(43, 43, 1, 0, 0, 0, 0, 3, 0, 3, 0, 0, 0, 0, 0, 0, 0),
(44, 44, 1, 0, 0, 0, 8, 0, 8, 0, 0, 0, 0, 0, 0, 0, 0),
(45, 45, 1, 0, 0, 0, 0, 2, 0, 2, 0, 0, 0, 0, 0, 0, 0),
(46, 46, 1, 0, 0, 0, 0, 1, 0, 1, 0, 0, 0, 0, 0, 0, 0),
(47, 47, 0, 0, 0, 0, 0, 0, 0, 0, 0, 0, 0, 0, 0, 0, 0),
(48, 48, 2, 3, 0, 0, 5, 2, 5, 2, 0, 0, 5000, 0, 10, 0, 0),
(49, 49, 1, 0, 0, 0, 0, 1, 0, 1, 0, 0, 0, 0, 0, 0, 0),
(50, 50, 1, 0, 0, 0, 0, 4, 0, 4, 0, 0, 0, 0, 0, 0, 0),
(51, 51, 1, 0, 0, 0, 0, 3, 0, 3, 0, 0, 0, 0, 0, 0, 0),
(52, 52, 1, 0, 0, 0, 0, 2, 0, 2, 0, 0, 0, 0, 0, 0, 0),
(53, 53, 1, 0, 0, 0, 0, 1, 0, 1, 0, 0, 0, 0, 0, 0, 0),
(54, 54, 0, 0, 0, 0, 0, 0, 0, 0, 0, 0, 0, 0, 0, 0, 0),
(55, 55, 1, 0, 0, 0, 5, 0, 5, 0, 0, 0, 0, 0, 0, 0, 0),
(56, 56, 1, 0, 0, 0, 4, 0, 4, 0, 0, 0, 0, 0, 0, 0, 0),
(57, 57, 1, 0, 0, 0, 3, 0, 3, 0, 0, 0, 0, 0, 0, 0, 0),
(58, 58, 1, 0, 0, 0, 2, 0, 2, 0, 0, 0, 0, 0, 0, 0, 0),
(59, 59, 1, 0, 0, 0, 1, 0, 1, 0, 0, 0, 0, 0, 0, 0, 0),
(60, 60, 0, 0, 0, 0, 0, 0, 0, 0, 0, 0, 0, 0, 0, 0, 0),
(61, 61, 2, 7, 0, 0, 3, 4, 3, 4, 0, 0, 0, 0, 0, 0, 0),
(62, 62, 0, 0, 0, 0, 0, 0, 0, 0, 0, 0, 0, 0, 0, 0, 0),
(63, 63, 0, 0, 0, 0, 0, 0, 0, 0, 0, 0, 0, 0, 0, 0, 0),
(64, 64, 1, 0, 0, 0, 4, 0, 4, 0, 0, 0, 0, 0, 0, 0, 0),
(65, 65, 1, 0, 0, 0, 3, 0, 3, 0, 0, 0, 0, 0, 0, 0, 0),
(66, 66, 1, 0, 0, 0, 2, 0, 2, 0, 0, 0, 0, 0, 0, 0, 0),
(67, 67, 1, 0, 0, 0, 1, 0, 1, 0, 0, 0, 0, 0, 0, 0, 0),
(68, 68, 1, 0, 0, 0, 0, 1, 0, 1, 0, 0, 0, 0, 0, 0, 0),
(69, 69, 0, 0, 0, 0, 0, 0, 0, 0, 0, 0, 0, 0, 0, 0, 0),
(70, 70, 2, 4, 0, 0, 4, 2, 4, 2, 0, 20000, 0, 0, 0, 0, 0),
(71, 71, 1, 0, 0, 0, 0, 1, 0, 1, 0, 0, 0, 0, 0, 0, 0),
(72, 72, 0, 0, 0, 0, 0, 0, 0, 0, 0, 0, 0, 0, 0, 0, 0),
(73, 73, 0, 0, 0, 0, 0, 0, 0, 0, 0, 0, 0, 0, 0, 0, 0),
(74, 74, 1, 0, 0, 0, 3, 0, 3, 0, 0, 0, 0, 0, 0, 0, 0),
(75, 75, 1, 0, 0, 0, 2, 0, 2, 0, 0, 0, 0, 0, 0, 0, 0),
(76, 76, 1, 0, 0, 0, 1, 0, 1, 0, 0, 0, 0, 0, 0, 0, 0),
(77, 77, 0, 0, 0, 0, 0, 0, 0, 0, 0, 0, 0, 0, 0, 0, 0),
(78, 78, 1, 0, 0, 0, 2, 0, 2, 0, 0, 0, 0, 0, 0, 0, 0),
(79, 79, 1, 0, 0, 0, 1, 0, 1, 0, 0, 0, 0, 0, 0, 0, 0),
(80, 80, 0, 0, 0, 0, 0, 0, 0, 0, 0, 0, 0, 0, 0, 0, 0),
(81, 81, 1, 0, 0, 0, 0, 3, 0, 3, 0, 0, 0, 0, 0, 0, 0),
(82, 82, 1, 0, 0, 0, 0, 2, 0, 2, 0, 0, 0, 0, 0, 0, 0),
(83, 83, 1, 0, 0, 0, 0, 1, 0, 1, 0, 0, 0, 0, 0, 0, 0),
(84, 84, 0, 0, 0, 0, 0, 0, 0, 0, 0, 0, 0, 0, 0, 0, 0),
(85, 85, 1, 0, 0, 0, 4, 0, 4, 0, 0, 0, 0, 0, 0, 0, 0),
(86, 86, 1, 0, 0, 0, 3, 0, 3, 0, 0, 0, 0, 0, 0, 0, 0),
(87, 87, 1, 0, 0, 0, 2, 0, 2, 0, 0, 0, 0, 0, 0, 0, 0),
(88, 88, 1, 0, 0, 0, 1, 0, 1, 0, 0, 0, 0, 0, 0, 0, 0),
(89, 89, 0, 0, 0, 0, 0, 0, 0, 0, 0, 0, 0, 0, 0, 0, 0),
(90, 90, 1, 0, 0, 0, 0, 7, 0, 7, 0, 0, 0, 0, 0, 0, 0),
(91, 91, 1, 0, 0, 0, 0, 6, 0, 6, 0, 0, 0, 0, 0, 0, 0),
(92, 92, 1, 0, 0, 0, 0, 5, 0, 5, 0, 0, 0, 0, 0, 0, 0),
(93, 93, 1, 0, 0, 0, 0, 4, 0, 4, 0, 0, 0, 0, 0, 0, 0),
(94, 94, 1, 0, 0, 0, 0, 3, 0, 3, 0, 0, 0, 0, 0, 0, 0),
(95, 95, 1, 0, 0, 0, 0, 2, 0, 2, 0, 0, 0, 0, 0, 0, 0),
(96, 96, 1, 0, 0, 0, 0, 1, 0, 1, 0, 0, 0, 0, 0, 0, 0),
(97, 97, 0, 0, 0, 0, 0, 0, 0, 0, 0, 0, 0, 0, 0, 0, 0),
(98, 98, 0, 0, 0, 0, 0, 0, 0, 0, 0, 0, 0, 0, 0, 0, 0);

-- --------------------------------------------------------

--
-- Table structure for table `child_earning`
--

CREATE TABLE `child_earning` (
  `pid` int(11) NOT NULL,
  `uid` int(11) DEFAULT NULL,
  `parent_id` int(11) DEFAULT NULL,
  `gtb` decimal(12,2) DEFAULT '0.00',
  `perc` varchar(255) DEFAULT NULL,
  `amount` varchar(255) DEFAULT NULL,
  `date` datetime DEFAULT NULL,
  `status` int(11) DEFAULT '0',
  `udate` datetime DEFAULT NULL
) ENGINE=InnoDB DEFAULT CHARSET=latin1 ROW_FORMAT=COMPACT;

--
-- Dumping data for table `child_earning`
--

INSERT INTO `child_earning` (`pid`, `uid`, `parent_id`, `gtb`, `perc`, `amount`, `date`, `status`, `udate`) VALUES
(1, 1, 1, 14620.00, '5.00', '731', '2020-06-01 08:27:00', 0, NULL),
(2, 8, 8, 53363.00, '5.00', '2668.15', '2020-06-01 08:27:00', 1, '2020-06-01 08:27:00'),
(3, 6, 6, 53363.00, '2.00', '1067.26', '2020-06-01 08:27:00', 1, '2020-06-01 08:27:00'),
(4, 2, 2, 53363.00, '2.00', '1067.26', '2020-06-01 08:27:00', 1, '2020-06-01 08:27:00'),
(5, 1, 1, 53363.00, '2.00', '1067.26', '2020-06-01 08:27:00', 0, NULL),
(6, 3, 3, 23392.00, '5.00', '1169.6', '2020-06-01 08:27:00', 1, '2020-06-01 08:27:00'),
(7, 1, 1, 23392.00, '2.00', '467.84', '2020-06-01 08:27:00', 0, NULL),
(8, 12, 12, 7310.00, '5.00', '365.5', '2020-06-01 08:27:00', 1, '2020-06-01 08:27:00'),
(9, 3, 3, 7310.00, '2.00', '146.2', '2020-06-01 08:27:00', 1, '2020-06-01 08:27:00'),
(10, 1, 1, 7310.00, '2.00', '146.2', '2020-06-01 08:27:00', 0, NULL),
(11, 44, 44, 7310.00, '5.00', '365.5', '2020-06-01 08:27:00', 1, '2020-06-01 08:27:00'),
(12, 36, 36, 7310.00, '2.00', '146.2', '2020-06-01 08:27:00', 1, '2020-06-01 08:27:00'),
(13, 19, 19, 7310.00, '2.00', '146.2', '2020-06-01 08:27:00', 0, NULL),
(14, 14, 14, 7310.00, '2.00', '146.2', '2020-06-01 08:27:00', 1, '2020-06-01 08:27:00');

-- --------------------------------------------------------

--
-- Table structure for table `contact`
--

CREATE TABLE `contact` (
  `contactus_id` int(10) NOT NULL,
  `name` varchar(50) NOT NULL,
  `email` varchar(50) DEFAULT NULL,
  `phone` varchar(30) DEFAULT NULL,
  `message` varchar(1000) DEFAULT NULL
) ENGINE=InnoDB DEFAULT CHARSET=latin1;

-- --------------------------------------------------------

--
-- Table structure for table `db_history`
--

CREATE TABLE `db_history` (
  `id` int(11) NOT NULL,
  `uid` int(11) NOT NULL DEFAULT '0',
  `pv` int(11) NOT NULL DEFAULT '0',
  `amount` decimal(12,2) NOT NULL DEFAULT '0.00',
  `bonus_point` decimal(12,2) NOT NULL DEFAULT '0.00',
  `total_turnover` decimal(12,2) NOT NULL DEFAULT '0.00',
  `total_pv` decimal(12,2) NOT NULL DEFAULT '0.00',
  `perc` decimal(12,2) NOT NULL DEFAULT '0.00',
  `left_bv` int(20) NOT NULL DEFAULT '0',
  `right_bv` int(20) NOT NULL DEFAULT '0',
  `date` datetime DEFAULT NULL
) ENGINE=InnoDB DEFAULT CHARSET=utf8mb4;

--
-- Dumping data for table `db_history`
--

INSERT INTO `db_history` (`id`, `uid`, `pv`, `amount`, `bonus_point`, `total_turnover`, `total_pv`, `perc`, `left_bv`, `right_bv`, `date`) VALUES
(1, 3, 1, 0.00, 0.00, 312050.00, 0.00, 7.00, 10000, 10000, '2020-06-01 08:27:00'),
(2, 10, 3, 0.00, 0.00, 312050.00, 0.00, 7.00, 46000, 36500, '2020-06-01 08:27:00'),
(3, 12, 1, 0.00, 0.00, 312050.00, 0.00, 7.00, 20000, 16000, '2020-06-01 08:27:00');

-- --------------------------------------------------------

--
-- Table structure for table `ddb_history`
--

CREATE TABLE `ddb_history` (
  `id` int(11) NOT NULL,
  `uid` int(11) NOT NULL DEFAULT '0',
  `pv` int(11) NOT NULL DEFAULT '0',
  `amount` decimal(12,2) NOT NULL DEFAULT '0.00',
  `bonus_point` decimal(12,2) NOT NULL DEFAULT '0.00',
  `total_turnover` decimal(12,2) NOT NULL DEFAULT '0.00',
  `total_pv` decimal(12,2) NOT NULL DEFAULT '0.00',
  `perc` decimal(12,2) NOT NULL DEFAULT '0.00',
  `left_bv` int(20) NOT NULL DEFAULT '0',
  `right_bv` int(20) NOT NULL DEFAULT '0',
  `date` datetime DEFAULT NULL
) ENGINE=InnoDB DEFAULT CHARSET=utf8mb4;

--
-- Dumping data for table `ddb_history`
--

INSERT INTO `ddb_history` (`id`, `uid`, `pv`, `amount`, `bonus_point`, `total_turnover`, `total_pv`, `perc`, `left_bv`, `right_bv`, `date`) VALUES
(1, 10, 1, 0.00, 0.00, 312050.00, 0.00, 3.00, 46000, 36500, '2020-06-01 08:27:00');

-- --------------------------------------------------------

--
-- Table structure for table `direct_payment`
--

CREATE TABLE `direct_payment` (
  `pid` int(11) NOT NULL,
  `uid` int(11) DEFAULT NULL,
  `amount` varchar(255) DEFAULT NULL,
  `due_amount` decimal(10,2) DEFAULT NULL,
  `date` datetime DEFAULT NULL
) ENGINE=InnoDB DEFAULT CHARSET=latin1 ROW_FORMAT=COMPACT;

--
-- Dumping data for table `direct_payment`
--

INSERT INTO `direct_payment` (`pid`, `uid`, `amount`, `due_amount`, `date`) VALUES
(1, 2, NULL, NULL, '2020-05-31 13:26:00'),
(2, 3, NULL, NULL, '2020-05-31 13:43:00'),
(3, 4, NULL, NULL, '2020-05-31 13:51:00'),
(4, 5, NULL, NULL, '2020-05-31 13:55:00'),
(5, 6, NULL, NULL, '2020-05-31 14:01:00'),
(6, 7, NULL, NULL, '2020-05-31 14:06:00'),
(7, 8, NULL, NULL, '2020-05-31 14:07:00'),
(8, 9, NULL, NULL, '2020-05-31 14:09:00'),
(9, 10, NULL, NULL, '2020-05-31 14:11:00'),
(10, 11, NULL, NULL, '2020-05-31 14:12:00'),
(11, 12, NULL, NULL, '2020-05-31 14:14:00'),
(12, 13, NULL, NULL, '2020-05-31 14:15:00'),
(13, 14, NULL, NULL, '2020-05-31 14:18:00'),
(14, 15, NULL, NULL, '2020-05-31 14:18:00'),
(15, 16, NULL, NULL, '2020-05-31 14:18:00'),
(16, 17, NULL, NULL, '2020-05-31 14:19:00'),
(17, 18, NULL, NULL, '2020-05-31 14:21:00'),
(18, 19, NULL, NULL, '2020-05-31 14:28:00'),
(19, 20, NULL, NULL, '2020-05-31 14:31:00'),
(20, 21, NULL, NULL, '2020-05-31 14:31:00'),
(21, 22, NULL, NULL, '2020-05-31 14:32:00'),
(22, 23, NULL, NULL, '2020-05-31 14:32:00'),
(23, 24, NULL, NULL, '2020-05-31 14:32:00'),
(24, 25, NULL, NULL, '2020-05-31 14:35:00'),
(25, 26, NULL, NULL, '2020-05-31 14:35:00'),
(26, 27, NULL, NULL, '2020-05-31 14:35:00'),
(27, 28, NULL, NULL, '2020-05-31 14:35:00'),
(28, 29, NULL, NULL, '2020-05-31 14:36:00'),
(29, 30, NULL, NULL, '2020-05-31 14:36:00'),
(30, 31, NULL, NULL, '2020-05-31 14:36:00'),
(31, 32, NULL, NULL, '2020-05-31 14:36:00'),
(32, 33, NULL, NULL, '2020-05-31 14:36:00'),
(33, 34, NULL, NULL, '2020-05-31 14:37:00'),
(34, 35, NULL, NULL, '2020-05-31 14:37:00'),
(35, 36, NULL, NULL, '2020-05-31 14:37:00'),
(36, 37, NULL, NULL, '2020-05-31 14:38:00'),
(37, 38, NULL, NULL, '2020-05-31 14:38:00'),
(38, 39, NULL, NULL, '2020-05-31 14:38:00'),
(39, 40, NULL, NULL, '2020-05-31 14:38:00'),
(40, 41, NULL, NULL, '2020-05-31 14:39:00'),
(41, 42, NULL, NULL, '2020-05-31 14:40:00'),
(42, 43, NULL, NULL, '2020-05-31 14:40:00'),
(43, 44, NULL, NULL, '2020-05-31 14:40:00'),
(44, 45, NULL, NULL, '2020-05-31 14:40:00'),
(45, 46, NULL, NULL, '2020-05-31 14:40:00'),
(46, 47, NULL, NULL, '2020-05-31 14:41:00'),
(47, 48, NULL, NULL, '2020-05-31 14:42:00'),
(48, 49, NULL, NULL, '2020-05-31 14:43:00'),
(49, 50, NULL, NULL, '2020-05-31 14:50:00'),
(50, 51, NULL, NULL, '2020-05-31 14:51:00'),
(51, 52, NULL, NULL, '2020-05-31 14:51:00'),
(52, 53, NULL, NULL, '2020-05-31 14:51:00'),
(53, 54, NULL, NULL, '2020-05-31 14:52:00'),
(54, 55, NULL, NULL, '2020-05-31 14:52:00'),
(55, 56, NULL, NULL, '2020-05-31 14:52:00'),
(56, 57, NULL, NULL, '2020-05-31 14:52:00'),
(57, 58, NULL, NULL, '2020-05-31 14:52:00'),
(58, 59, NULL, NULL, '2020-05-31 14:53:00'),
(59, 60, NULL, NULL, '2020-05-31 14:53:00'),
(60, 61, NULL, NULL, '2020-05-31 15:25:00'),
(61, 62, NULL, NULL, '2020-05-31 16:01:00'),
(62, 63, NULL, NULL, '2020-05-31 16:06:00'),
(63, 64, NULL, NULL, '2020-05-31 16:09:00'),
(64, 65, NULL, NULL, '2020-05-31 16:12:00'),
(65, 66, NULL, NULL, '2020-05-31 16:13:00'),
(66, 67, NULL, NULL, '2020-05-31 16:17:00'),
(67, 68, NULL, NULL, '2020-05-31 16:19:00'),
(68, 69, NULL, NULL, '2020-05-31 16:21:00'),
(69, 70, NULL, NULL, '2020-05-31 16:27:00'),
(70, 71, NULL, NULL, '2020-05-31 16:29:00'),
(71, 72, NULL, NULL, '2020-05-31 16:29:00'),
(72, 73, NULL, NULL, '2020-05-31 16:31:00'),
(73, 74, NULL, NULL, '2020-05-31 16:36:00'),
(74, 75, NULL, NULL, '2020-05-31 16:51:00'),
(75, 76, NULL, NULL, '2020-05-31 16:51:00'),
(76, 77, NULL, NULL, '2020-05-31 16:51:00'),
(77, 78, NULL, NULL, '2020-05-31 17:00:00'),
(78, 79, NULL, NULL, '2020-05-31 17:00:00'),
(79, 80, NULL, NULL, '2020-05-31 17:00:00'),
(80, 81, NULL, NULL, '2020-05-31 17:00:00'),
(81, 82, NULL, NULL, '2020-05-31 17:00:00'),
(82, 83, NULL, NULL, '2020-05-31 17:01:00'),
(83, 84, NULL, NULL, '2020-05-31 17:01:00'),
(84, 85, NULL, NULL, '2020-05-31 17:06:00'),
(85, 86, NULL, NULL, '2020-05-31 17:07:00'),
(86, 87, NULL, NULL, '2020-05-31 17:07:00'),
(87, 88, NULL, NULL, '2020-05-31 17:07:00'),
(88, 89, NULL, NULL, '2020-05-31 17:07:00'),
(89, 90, NULL, NULL, '2020-05-31 17:07:00'),
(90, 91, NULL, NULL, '2020-05-31 17:07:00'),
(91, 92, NULL, NULL, '2020-05-31 17:08:00'),
(92, 93, NULL, NULL, '2020-05-31 17:08:00'),
(93, 94, NULL, NULL, '2020-05-31 17:08:00'),
(94, 95, NULL, NULL, '2020-05-31 17:08:00'),
(95, 96, NULL, NULL, '2020-05-31 17:09:00'),
(96, 97, NULL, NULL, '2020-05-31 17:09:00'),
(97, 98, NULL, NULL, '2020-06-02 03:49:00');

-- --------------------------------------------------------

--
-- Table structure for table `eb_history`
--

CREATE TABLE `eb_history` (
  `id` int(11) NOT NULL,
  `uid` int(11) NOT NULL DEFAULT '0',
  `pv` int(11) NOT NULL DEFAULT '0',
  `amount` decimal(12,2) NOT NULL DEFAULT '0.00',
  `bonus_point` decimal(12,2) NOT NULL DEFAULT '0.00',
  `total_turnover` decimal(12,2) NOT NULL DEFAULT '0.00',
  `total_pv` decimal(12,2) NOT NULL DEFAULT '0.00',
  `perc` decimal(12,2) NOT NULL DEFAULT '0.00',
  `left_bv` int(20) NOT NULL DEFAULT '0',
  `right_bv` int(20) NOT NULL DEFAULT '0',
  `date` datetime DEFAULT NULL
) ENGINE=InnoDB DEFAULT CHARSET=utf8mb4;

--
-- Dumping data for table `eb_history`
--

INSERT INTO `eb_history` (`id`, `uid`, `pv`, `amount`, `bonus_point`, `total_turnover`, `total_pv`, `perc`, `left_bv`, `right_bv`, `date`) VALUES
(1, 4, 1, 468.00, 390.00, 13000.00, 1.00, 3.00, 6000, 6000, '2020-05-31 13:08:00'),
(2, 4, 1, 504.00, 30.00, 1000.00, 1.00, 3.00, 6000, 6000, '2020-05-31 13:28:00'),
(3, 4, 1, 540.00, 30.00, 1000.00, 1.00, 3.00, 6000, 6000, '2020-05-31 13:31:00'),
(4, 4, 2, 567.00, 15.00, 1000.00, 2.00, 3.00, 9000, 9000, '2020-05-31 13:33:00'),
(5, 4, 1, 603.00, 30.00, 1000.00, 1.00, 3.00, 6000, 6000, '2020-05-31 13:36:00'),
(6, 4, 1, 618.00, 15.00, 1000.00, 2.00, 3.00, 9000, 9000, '2020-05-31 13:38:00'),
(7, 3, 2, 0.00, 0.00, 312050.00, 0.00, 3.00, 10000, 10000, '2020-06-01 08:27:00'),
(8, 10, 7, 0.00, 0.00, 312050.00, 0.00, 3.00, 46000, 36500, '2020-06-01 08:27:00'),
(9, 12, 3, 0.00, 0.00, 312050.00, 0.00, 3.00, 20000, 16000, '2020-06-01 08:27:00'),
(10, 14, 1, 0.00, 0.00, 312050.00, 0.00, 3.00, 10000, 5000, '2020-06-01 08:27:00'),
(11, 48, 1, 0.00, 0.00, 312050.00, 0.00, 3.00, 5000, 10000, '2020-06-01 08:27:00');

-- --------------------------------------------------------

--
-- Table structure for table `gdb_history`
--

CREATE TABLE `gdb_history` (
  `id` int(11) NOT NULL,
  `uid` int(11) NOT NULL DEFAULT '0',
  `pv` int(11) NOT NULL DEFAULT '0',
  `amount` decimal(12,2) NOT NULL DEFAULT '0.00',
  `bonus_point` decimal(12,2) NOT NULL DEFAULT '0.00',
  `total_turnover` decimal(12,2) NOT NULL DEFAULT '0.00',
  `total_pv` decimal(12,2) NOT NULL DEFAULT '0.00',
  `perc` decimal(12,2) NOT NULL DEFAULT '0.00',
  `left_bv` int(20) NOT NULL DEFAULT '0',
  `right_bv` int(20) NOT NULL DEFAULT '0',
  `date` datetime DEFAULT NULL
) ENGINE=InnoDB DEFAULT CHARSET=utf8mb4;

--
-- Dumping data for table `gdb_history`
--

INSERT INTO `gdb_history` (`id`, `uid`, `pv`, `amount`, `bonus_point`, `total_turnover`, `total_pv`, `perc`, `left_bv`, `right_bv`, `date`) VALUES
(1, 10, 1, 0.00, 0.00, 312050.00, 0.00, 3.00, 46000, 36500, '2020-06-01 08:27:00');

-- --------------------------------------------------------

--
-- Table structure for table `gtb_history`
--

CREATE TABLE `gtb_history` (
  `id` int(11) NOT NULL,
  `uid` int(11) NOT NULL DEFAULT '0',
  `pv` int(11) NOT NULL DEFAULT '0',
  `amount` decimal(12,2) NOT NULL DEFAULT '0.00',
  `gtb_point` decimal(12,2) NOT NULL DEFAULT '0.00',
  `total_turnover` decimal(12,2) NOT NULL DEFAULT '0.00',
  `total_pv` decimal(12,2) NOT NULL DEFAULT '0.00',
  `perc` decimal(12,2) NOT NULL DEFAULT '0.00',
  `date` datetime DEFAULT NULL
) ENGINE=InnoDB DEFAULT CHARSET=utf8mb4;

--
-- Dumping data for table `gtb_history`
--

INSERT INTO `gtb_history` (`id`, `uid`, `pv`, `amount`, `gtb_point`, `total_turnover`, `total_pv`, `perc`, `date`) VALUES
(1, 2, 1, 510.00, 510.00, 1500.00, 1.00, 34.00, '2020-05-31 09:16:00'),
(2, 4, 2, 170.00, 85.00, 500.00, 2.00, 34.00, '2020-05-31 12:41:00'),
(3, 4, 12, 4420.00, 368.33, 13000.00, 12.00, 34.00, '2020-05-31 13:08:00'),
(4, 3, 20, 14620.00, 731.00, 312050.00, 145.00, 34.00, '2020-06-01 08:27:00'),
(5, 10, 73, 53363.00, 731.00, 312050.00, 145.00, 34.00, '2020-06-01 08:27:00'),
(6, 12, 32, 23392.00, 731.00, 312050.00, 145.00, 34.00, '2020-06-01 08:27:00'),
(7, 14, 10, 7310.00, 731.00, 312050.00, 145.00, 34.00, '2020-06-01 08:27:00'),
(8, 48, 10, 7310.00, 731.00, 312050.00, 145.00, 34.00, '2020-06-01 08:27:00');

-- --------------------------------------------------------

--
-- Table structure for table `news`
--

CREATE TABLE `news` (
  `id` int(11) NOT NULL,
  `title` varchar(500) DEFAULT NULL,
  `description` text,
  `date` datetime DEFAULT NULL
) ENGINE=InnoDB DEFAULT CHARSET=latin1;

-- --------------------------------------------------------

--
-- Table structure for table `pairing`
--

CREATE TABLE `pairing` (
  `pair_id` int(11) NOT NULL,
  `uid` int(11) DEFAULT NULL,
  `parent_id` int(11) DEFAULT NULL,
  `sponsor_id` int(11) DEFAULT NULL,
  `date` datetime DEFAULT NULL,
  `position` varchar(255) DEFAULT NULL,
  `rank` int(11) DEFAULT '0'
) ENGINE=InnoDB DEFAULT CHARSET=latin1 ROW_FORMAT=COMPACT;

--
-- Dumping data for table `pairing`
--

INSERT INTO `pairing` (`pair_id`, `uid`, `parent_id`, `sponsor_id`, `date`, `position`, `rank`) VALUES
(1, 1, 0, 0, '2020-05-31 00:00:00', 'L', 0),
(2, 2, 1, 1, '2020-05-31 13:26:00', 'R', 0),
(3, 3, 1, 1, '2020-05-31 13:43:00', 'L', 0),
(4, 4, 2, 1, '2020-05-31 13:51:00', 'R', 0),
(5, 5, 4, 1, '2020-05-31 13:55:00', 'R', 0),
(6, 6, 2, 2, '2020-05-31 14:01:00', 'L', 0),
(7, 7, 5, 1, '2020-05-31 14:06:00', 'R', 0),
(8, 8, 6, 6, '2020-05-31 14:07:00', 'L', 0),
(9, 9, 8, 8, '2020-05-31 14:09:00', 'L', 0),
(10, 10, 8, 8, '2020-05-31 14:11:00', 'R', 0),
(11, 11, 9, 2, '2020-05-31 14:12:00', 'L', 0),
(12, 12, 3, 3, '2020-05-31 14:14:00', 'L', 0),
(13, 13, 3, 3, '2020-05-31 14:15:00', 'R', 0),
(14, 14, 12, 3, '2020-05-31 14:18:00', 'L', 0),
(15, 15, 10, 10, '2020-05-31 14:18:00', 'R', 0),
(16, 16, 13, 3, '2020-05-31 14:18:00', 'R', 0),
(17, 17, 10, 10, '2020-05-31 14:19:00', 'L', 0),
(18, 18, 17, 10, '2020-05-31 14:21:00', 'L', 0),
(19, 19, 14, 1, '2020-05-31 14:28:00', 'L', 0),
(20, 20, 15, 10, '2020-05-31 14:31:00', 'R', 0),
(21, 21, 20, 10, '2020-05-31 14:31:00', 'R', 0),
(22, 22, 21, 10, '2020-05-31 14:32:00', 'R', 0),
(23, 23, 18, 10, '2020-05-31 14:32:00', 'L', 0),
(24, 24, 22, 10, '2020-05-31 14:32:00', 'R', 0),
(25, 25, 24, 10, '2020-05-31 14:35:00', 'R', 0),
(26, 26, 25, 10, '2020-05-31 14:35:00', 'R', 0),
(27, 27, 26, 10, '2020-05-31 14:35:00', 'R', 0),
(28, 28, 27, 10, '2020-05-31 14:35:00', 'R', 0),
(29, 29, 28, 10, '2020-05-31 14:36:00', 'R', 0),
(30, 30, 23, 10, '2020-05-31 14:36:00', 'L', 0),
(31, 31, 12, 12, '2020-05-31 14:36:00', 'R', 0),
(32, 32, 30, 10, '2020-05-31 14:36:00', 'L', 0),
(33, 33, 32, 10, '2020-05-31 14:36:00', 'L', 0),
(34, 34, 33, 10, '2020-05-31 14:37:00', 'L', 0),
(35, 35, 34, 10, '2020-05-31 14:37:00', 'L', 0),
(36, 36, 19, 12, '2020-05-31 14:37:00', 'L', 0),
(37, 37, 11, 8, '2020-05-31 14:38:00', 'L', 0),
(38, 38, 37, 8, '2020-05-31 14:38:00', 'L', 0),
(39, 39, 38, 8, '2020-05-31 14:38:00', 'L', 0),
(40, 40, 39, 8, '2020-05-31 14:38:00', 'L', 0),
(41, 41, 40, 8, '2020-05-31 14:39:00', 'L', 0),
(42, 42, 29, 8, '2020-05-31 14:40:00', 'R', 0),
(43, 43, 42, 8, '2020-05-31 14:40:00', 'R', 0),
(44, 44, 36, 12, '2020-05-31 14:40:00', 'L', 0),
(45, 45, 43, 8, '2020-05-31 14:40:00', 'R', 0),
(46, 46, 45, 8, '2020-05-31 14:40:00', 'R', 0),
(47, 47, 46, 8, '2020-05-31 14:41:00', 'R', 0),
(48, 48, 44, 12, '2020-05-31 14:42:00', 'L', 0),
(49, 49, 31, 12, '2020-05-31 14:43:00', 'R', 0),
(50, 50, 7, 2, '2020-05-31 14:50:00', 'R', 0),
(51, 51, 50, 2, '2020-05-31 14:51:00', 'R', 0),
(52, 52, 51, 2, '2020-05-31 14:51:00', 'R', 0),
(53, 53, 52, 2, '2020-05-31 14:51:00', 'R', 0),
(54, 54, 53, 2, '2020-05-31 14:52:00', 'R', 0),
(55, 55, 41, 2, '2020-05-31 14:52:00', 'L', 0),
(56, 56, 55, 2, '2020-05-31 14:52:00', 'L', 0),
(57, 57, 56, 2, '2020-05-31 14:52:00', 'L', 0),
(58, 58, 57, 2, '2020-05-31 14:52:00', 'L', 0),
(59, 59, 58, 2, '2020-05-31 14:53:00', 'L', 0),
(60, 60, 59, 2, '2020-05-31 14:53:00', 'L', 0),
(61, 61, 13, 13, '2020-05-31 15:25:00', 'L', 0),
(62, 62, 14, 14, '2020-05-31 16:01:00', 'R', 0),
(63, 63, 49, 12, '2020-05-31 16:06:00', 'R', 0),
(64, 64, 48, 12, '2020-05-31 16:09:00', 'L', 0),
(65, 65, 64, 14, '2020-05-31 16:12:00', 'L', 0),
(66, 66, 65, 14, '2020-05-31 16:13:00', 'L', 0),
(67, 67, 66, 48, '2020-05-31 16:17:00', 'L', 0),
(68, 68, 48, 48, '2020-05-31 16:19:00', 'R', 0),
(69, 69, 68, 48, '2020-05-31 16:21:00', 'R', 0),
(70, 70, 19, 19, '2020-05-31 16:27:00', 'R', 0),
(71, 71, 70, 19, '2020-05-31 16:29:00', 'R', 0),
(72, 72, 71, 19, '2020-05-31 16:29:00', 'R', 0),
(73, 73, 31, 31, '2020-05-31 16:31:00', 'L', 0),
(74, 74, 70, 70, '2020-05-31 16:36:00', 'L', 0),
(75, 75, 74, 70, '2020-05-31 16:51:00', 'L', 0),
(76, 76, 75, 70, '2020-05-31 16:51:00', 'L', 0),
(77, 77, 76, 70, '2020-05-31 16:51:00', 'L', 0),
(78, 78, 61, 61, '2020-05-31 17:00:00', 'L', 0),
(79, 79, 78, 61, '2020-05-31 17:00:00', 'L', 0),
(80, 80, 79, 61, '2020-05-31 17:00:00', 'L', 0),
(81, 81, 61, 61, '2020-05-31 17:00:00', 'R', 0),
(82, 82, 81, 61, '2020-05-31 17:00:00', 'R', 0),
(83, 83, 82, 61, '2020-05-31 17:01:00', 'R', 0),
(84, 84, 83, 61, '2020-05-31 17:01:00', 'R', 0),
(85, 85, 16, 16, '2020-05-31 17:06:00', 'L', 0),
(86, 86, 85, 16, '2020-05-31 17:07:00', 'L', 0),
(87, 87, 86, 16, '2020-05-31 17:07:00', 'L', 0),
(88, 88, 87, 16, '2020-05-31 17:07:00', 'L', 0),
(89, 89, 88, 16, '2020-05-31 17:07:00', 'L', 0),
(90, 90, 16, 16, '2020-05-31 17:07:00', 'R', 0),
(91, 91, 90, 16, '2020-05-31 17:07:00', 'R', 0),
(92, 92, 91, 16, '2020-05-31 17:08:00', 'R', 0),
(93, 93, 92, 16, '2020-05-31 17:08:00', 'R', 0),
(94, 94, 93, 16, '2020-05-31 17:08:00', 'R', 0),
(95, 95, 94, 16, '2020-05-31 17:08:00', 'R', 0),
(96, 96, 95, 16, '2020-05-31 17:09:00', 'R', 0),
(97, 97, 96, 16, '2020-05-31 17:09:00', 'R', 0),
(98, 98, 67, 3, '2020-06-02 03:49:00', 'L', 0);

-- --------------------------------------------------------

--
-- Table structure for table `payout`
--

CREATE TABLE `payout` (
  `id` int(11) NOT NULL,
  `uid` int(11) NOT NULL,
  `gtb` decimal(12,2) DEFAULT '0.00',
  `dsb` decimal(12,2) DEFAULT '0.00',
  `amount` varchar(250) NOT NULL DEFAULT '0',
  `eb` decimal(12,2) DEFAULT '0.00',
  `db` decimal(12,2) DEFAULT '0.00',
  `sdb` decimal(12,2) DEFAULT '0.00',
  `gdb` decimal(12,2) DEFAULT '0.00',
  `ddb` decimal(12,2) DEFAULT '0.00',
  `reward` decimal(12,2) NOT NULL DEFAULT '0.00',
  `date` datetime DEFAULT NULL,
  `cleared` int(11) NOT NULL DEFAULT '0',
  `cleared_date` datetime DEFAULT NULL
) ENGINE=InnoDB DEFAULT CHARSET=latin1 ROW_FORMAT=COMPACT;

--
-- Dumping data for table `payout`
--

INSERT INTO `payout` (`id`, `uid`, `gtb`, `dsb`, `amount`, `eb`, `db`, `sdb`, `gdb`, `ddb`, `reward`, `date`, `cleared`, `cleared_date`) VALUES
(1, 3, 14620.00, 1315.80, '0', 0.00, 0.00, 0.00, 0.00, 0.00, 0.00, '2020-06-01 08:27:00', 0, NULL),
(2, 10, 53363.00, 0.00, '0', 0.00, 0.00, 0.00, 0.00, 0.00, 0.00, '2020-06-01 08:27:00', 0, NULL),
(3, 12, 23392.00, 365.50, '0', 0.00, 0.00, 0.00, 0.00, 0.00, 0.00, '2020-06-01 08:27:00', 0, NULL),
(4, 14, 7310.00, 146.20, '0', 0.00, 0.00, 0.00, 0.00, 0.00, 0.00, '2020-06-01 08:27:00', 0, NULL),
(5, 48, 7310.00, 0.00, '0', 0.00, 0.00, 0.00, 0.00, 0.00, 0.00, '2020-06-01 08:27:00', 0, NULL),
(6, 8, 0.00, 2668.15, '0', 0.00, 0.00, 0.00, 0.00, 0.00, 0.00, '2020-06-01 08:27:00', 0, NULL),
(7, 6, 0.00, 1067.26, '0', 0.00, 0.00, 0.00, 0.00, 0.00, 0.00, '2020-06-01 08:27:00', 0, NULL),
(8, 2, 0.00, 1067.26, '0', 0.00, 0.00, 0.00, 0.00, 0.00, 0.00, '2020-06-01 08:27:00', 0, NULL),
(9, 44, 0.00, 365.50, '0', 0.00, 0.00, 0.00, 0.00, 0.00, 0.00, '2020-06-01 08:27:00', 0, NULL),
(10, 36, 0.00, 146.20, '0', 0.00, 0.00, 0.00, 0.00, 0.00, 0.00, '2020-06-01 08:27:00', 0, NULL);

-- --------------------------------------------------------

--
-- Table structure for table `payout_date`
--

CREATE TABLE `payout_date` (
  `id` int(11) NOT NULL,
  `date` datetime DEFAULT NULL
) ENGINE=InnoDB DEFAULT CHARSET=utf8mb4;

--
-- Dumping data for table `payout_date`
--

INSERT INTO `payout_date` (`id`, `date`) VALUES
(1, '2020-06-01 08:27:13');

-- --------------------------------------------------------

--
-- Table structure for table `payout_days`
--

CREATE TABLE `payout_days` (
  `id` int(11) NOT NULL,
  `days` varchar(250) NOT NULL,
  `day_option` varchar(250) NOT NULL
) ENGINE=InnoDB DEFAULT CHARSET=latin1;

--
-- Dumping data for table `payout_days`
--

INSERT INTO `payout_days` (`id`, `days`, `day_option`) VALUES
(1, '-0 day', 'Daily'),
(2, '-1 day', 'Alternate Days'),
(3, '-6 day', 'Weekly'),
(4, '-14 day', '15 Days'),
(5, '-29 day', 'Monthly');

-- --------------------------------------------------------

--
-- Table structure for table `plans`
--

CREATE TABLE `plans` (
  `plan_id` int(11) NOT NULL,
  `plan_name` varchar(200) DEFAULT NULL,
  `plan_amount` varchar(250) NOT NULL,
  `ramount` decimal(10,2) DEFAULT NULL,
  `capping` int(11) NOT NULL DEFAULT '2147483647',
  `payout_days` varchar(250) NOT NULL,
  `binary_com` decimal(10,2) DEFAULT NULL,
  `binary_count` int(11) DEFAULT NULL,
  `binary_com_percentage` varchar(255) DEFAULT NULL,
  `bcapping` decimal(10,2) DEFAULT NULL,
  `royal_amount` decimal(10,2) DEFAULT NULL,
  `pb_amount_for_sponser_1` double(10,2) DEFAULT NULL,
  `pb_amount_for_sponser_2` double(10,2) DEFAULT NULL,
  `pb_amount_for_sponser_3` double(10,2) DEFAULT NULL,
  `pb_amount_for_sponser_4` double(10,2) DEFAULT NULL,
  `pb_amount_for_sponser_5` double(10,2) DEFAULT NULL,
  `pb_amount_for_sponser_6` double(10,2) DEFAULT NULL,
  `plan_desc` text NOT NULL,
  `count` int(11) DEFAULT '1',
  `binary_royalty` int(11) DEFAULT '1',
  `level_perc` text
) ENGINE=InnoDB DEFAULT CHARSET=latin1;

--
-- Dumping data for table `plans`
--

INSERT INTO `plans` (`plan_id`, `plan_name`, `plan_amount`, `ramount`, `capping`, `payout_days`, `binary_com`, `binary_count`, `binary_com_percentage`, `bcapping`, `royal_amount`, `pb_amount_for_sponser_1`, `pb_amount_for_sponser_2`, `pb_amount_for_sponser_3`, `pb_amount_for_sponser_4`, `pb_amount_for_sponser_5`, `pb_amount_for_sponser_6`, `plan_desc`, `count`, `binary_royalty`, `level_perc`) VALUES
(12, 'Plan 0', '0', NULL, 2147483647, '-0 day', 0.00, 1, '', 15000.00, NULL, 0.50, 0.60, 0.70, 0.80, 0.90, 1.00, '<p>This is Plan A</p>\r\n', 1, 1, NULL);

-- --------------------------------------------------------

--
-- Table structure for table `prd_images`
--

CREATE TABLE `prd_images` (
  `id` int(11) NOT NULL,
  `product_id` int(11) DEFAULT NULL,
  `image` text,
  `date` datetime DEFAULT NULL
) ENGINE=InnoDB DEFAULT CHARSET=utf8mb4;

-- --------------------------------------------------------

--
-- Table structure for table `products`
--

CREATE TABLE `products` (
  `product_id` int(11) NOT NULL,
  `cat_id` int(11) DEFAULT NULL,
  `name` varchar(200) DEFAULT NULL,
  `mrp` decimal(10,2) NOT NULL,
  `dp` int(11) DEFAULT '0',
  `bv` int(11) DEFAULT '0',
  `price` decimal(10,2) DEFAULT NULL,
  `product_desc` text NOT NULL,
  `image` text,
  `level_perc` text,
  `date` datetime DEFAULT NULL
) ENGINE=InnoDB DEFAULT CHARSET=latin1;

--
-- Dumping data for table `products`
--

INSERT INTO `products` (`product_id`, `cat_id`, `name`, `mrp`, `dp`, `bv`, `price`, `product_desc`, `image`, `level_perc`, `date`) VALUES
(5, 2, 'Test Product5', 1999.00, 1499, 750, NULL, '<p>Product Description</p>\r\n', '5ec545ab9b98c.jpg', NULL, '2020-05-31 15:53:00'),
(6, 2, 'Test Product6', 9999.00, 7999, 4000, NULL, '<p>Product Description</p>\r\n', '5ec545ab9b98c.jpg', NULL, '2020-05-31 15:52:00'),
(7, 1, 'Test Product7', 2500.00, 2000, 1000, NULL, '<p>Product Description</p>\r\n', '5ec545ab9b98c.jpg', NULL, '2020-05-31 15:51:00'),
(8, 1, 'Test Product8', 12000.00, 10000, 5000, NULL, '<p>Product Description</p>\r\n', '5ec545ab9b98c.jpg', NULL, '2020-05-31 15:51:00'),
(9, 1, 'Guru Eternal Spray', 2250.00, 2000, 1000, NULL, '<p><strong>DIABETIC, CANCER, HEART DISEASE,&nbsp;DENTAL DISEASES,PILES,STOMACH PROBLEM, ABDOMEN PAIN,KIDNEY DISEASES,ARTHRITIS,DIABETIC,WOUND,VARICOSE VEIN,EYE DISEASES, BODY PAINS,BRAIN TUMOR,PARKINSON&rsquo;S DISEASE,&nbsp;&nbsp;THYROID PROBLEM,STROKESSpraying enhances blood circulation. Hence enhanced vigor of organs.Use of different medicines, host stress &amp; economy reduced.Without adverse effect, the spray alone can perform the actions of various pharmaceuticals.</strong></p>\r\n\r\n<p>&nbsp;</p>\r\n', '5ed4bcb4d575d.png', NULL, '2020-06-01 08:30:00'),
(10, 4, 'Guru Food Spray', 2250.00, 2000, 1000, NULL, '<p><strong>For our routine use, quantity of food&nbsp;materials like milk powder, sodium&nbsp;chloride, ginger, etc., can be reduced&nbsp;because of increase in taste, aroma, etc.Preservative, additive and chemical are&nbsp;Not added, even if present such residues&nbsp;Are&nbsp; denatured and made organic&nbsp;Nutritive value increased Shelf life&nbsp;Extended up to 6 months to 3 years&nbsp;Taste and aroma increases Increased&nbsp;taste and aroma as ancient foodUniversal Potentiator (UP) - designed as aerosol spray.&nbsp;Sprayed externally over the packet food.</strong></p>\r\n\r\n<p>&nbsp;</p>\r\n', '5ed4be3a405f4.png', NULL, '2020-06-02 09:42:00'),
(11, 1, 'Elixir for Life', 2100.00, 1800, 1300, NULL, '<p>Elixir For Life Contains authentic herbs &amp; ingredients which makes high-quality natural antioxidants for the entire family</p>\r\n\r\n<p>Elixir For Life is a super Health drink with super antioxidant property. It works as an immunity booster and is a great body detoxifier. Elixir for Life tackles free radicals and control oxidative stress.</p>\r\n\r\n<p>Elixir For Life is a super Health drink with super antioxidant property. It works as an immunity booster and is a great body detoxifier. Elixir for Life tackles free radicals and control oxidative stress.</p>\r\n\r\n<p>Elixir For Life is a unique formula to Provide Antioxidants from natural resources and Immunity from diseases and give complete rejuvenation to body &amp; mind. This is empowered with naturally sourced rare berries like &lsquo;Seabuckthorn&rsquo; and age-old Indian miraculous herbs.</p>\r\n\r\n<p>&nbsp;</p>\r\n\r\n<p>&nbsp;</p>\r\n\r\n<p>&nbsp;</p>\r\n', '5ed4be631ba45.png', NULL, '2020-06-02 09:44:00'),
(12, 1, 'Noni Juice', 1799.00, 1499, 1000, NULL, '<p><strong>Effective in curing gout Boosts immune system Provides relief from arthritis Helps maintain healthy heart Rich in antioxidant properties. Aids in reducing risk of type 2 diabetes Stimulates releas 1799Of digestive enzymes Helps to prevent cerebral ischemic stress Effective in speeding up healing of wounds Helps improve cerebral blood flow&nbsp; and memory functions&nbsp;</strong><strong>Effective in protecting against cancer and liver diseases&nbsp;</strong><strong>Provides relief from muscle spasms and soothes associated pain and discomfort </strong><strong>Helps in enhancing tolerance, elasticity and overall physical performance of body &nbsp; </strong><br />\r\n&nbsp;</p>\r\n\r\n<p>&nbsp;</p>\r\n', '5ed4be86cd555.png', NULL, '2020-06-01 08:38:00'),
(13, 1, 'Arthro Joint Support Capsule', 999.00, 799, 400, NULL, '<p><strong>Main Ingredients:&nbsp;Nirgudi, Methi, Sunthee,Shallaki, Maharasnadi</strong>&nbsp;Helps in reducing inflammation and pain&nbsp;Support to restore joint mobility&nbsp;Helps to enhance the strength of Muscles&nbsp;and ligaments&nbsp;Helps in Strengthening bones and Joints&nbsp;Helps in improving joint flexibility</p>\r\n', '5ed4bea8be6e7.png', NULL, '2020-06-01 08:39:00'),
(14, 1, 'Spirulina Super food', 399.00, 349, 175, NULL, '<p><strong>Nutritional value of Spirulina&nbsp;&nbsp;a comparison Protein Content&nbsp;Cheese-24.9%&nbsp; Peanut-25.8 %&nbsp; Milk-3.75 % Egg-12.58 %&nbsp; Chicken 21.39%&nbsp; Soya-15 % Spirulina-65 Protein 60-63% 3 times higher than beef, fish, or pork;&nbsp;6 times higher than eggs;&nbsp; 2 times higher than soybeans Minerals&nbsp;7-13%&nbsp; Including Calcium, Potassium, Magnesium, Zinc and&nbsp;Phosphorus Fiber 8-10% 4 times higher than flour and corn Vitamin B12 0.2-0.3mg&nbsp; 3-4 times higher than animal liver Beta Carotene&nbsp;140-330mg 5 times higher than carrots, 40 times higher than Spinach Carbohydrate&nbsp; 15-25%Lipid 6-8%Chlorophyll 1000-2000mg More&nbsp;than20 times higher than&nbsp; wheatgrass Calcium 130mg 10 times&nbsp;higher than milk iron 33mg&nbsp; 65 times higher than spinach, 30 times&nbsp;higher than beef,5 times higher than soy beans</strong></p>\r\n\r\n<p>&nbsp;</p>\r\n', '5ed4be177330a.png', NULL, '2020-06-01 08:36:00'),
(15, 1, 'Tulsi Natural Drop', 449.00, 299, 200, NULL, '<p>Bacterial infection, Fever, Migraine, Colds &amp; Flu, Poor digestion, Nausea, Abdominal Cramps, Gastroenteritis, Insomnia &amp; Anxiety.</p>\r\n\r\n<p>&nbsp;</p>\r\n\r\n<p>&nbsp;</p>\r\n', '5ed4bdf94f651.png', NULL, '2020-06-01 08:36:00'),
(16, 1, 'Green Tea Tab', 999.00, 749, 400, NULL, '<p><strong>Green tea is loaded with Anti-oxidants &amp; nutrients that have powerful effect on the body. it also helps in fat burning and improves physical performance. It helps in enhancing your immune&nbsp;System. It helps to improve your oral health. Improve Brain Health, Lowers Blood Sugar LevelReduces Cholesterol&nbsp; Level, Promotes&nbsp; Oral Health Helps Maintain&nbsp; Body weight, Prevent Hair loss ,Fights against Ageing Reduces &nbsp; the Risk of Cancer, Keeps Bones Strong</strong></p>\r\n\r\n<p>&nbsp;</p>\r\n\r\n<p>&nbsp;</p>\r\n', '5ed4bdd90335f.png', NULL, '2020-06-01 08:35:00'),
(17, 2, 'Premium Soap', 95.00, 75, 40, NULL, '<p><strong>MiWellness Olive Oil soap&nbsp;is Perfect skin moisturizer&nbsp;it gives a very clean&nbsp;and buttery feel&nbsp;despite minimal lather. It provides a very moisturizing effect that lasts for a longer time. Making it perfect for people with very dry and sensitive skin. Olive oil soap contains very powerful antioxidant properties. It can repair damage caused by free radicals on the skin.It stimulates new cell generation, slows down wrinkle development and gives skin a youthful look.</strong></p>\r\n\r\n<p>&nbsp;</p>\r\n\r\n<p>&nbsp;</p>\r\n', '5ed4bdbb59379.png', NULL, '2020-06-02 09:41:00'),
(18, 2, 'Shampoo with Conditioner', 349.00, 299, 150, NULL, '<p>&nbsp;</p>\r\n\r\n<p><strong>Amla (Emblica officinalis) Mandukapani (Centella indica) Neem patra (Azadirachta indica) Mehandi patra (Lawsonia inermis) Reetha (Sapindus mukorossi) Khadira (Acacia catechi) Bhringraj (Eclipta alba) Tulsi (Ocimum sanctum) Shikakai (Acacia concinna) Aloevera (Aloe barbadensis)&nbsp;Reduces chances of inflammation and irritation in scalp. Increases moisture in hair. Improves and retains hair&#39;s natural oils. Retains hair&#39;s dyed-color for a longer period of time.Prevents scalp from absorbing harmful chemicals.</strong></p>\r\n\r\n<p>&nbsp;</p>\r\n\r\n<p>&nbsp;</p>\r\n', '5ed4bd9ab3087.png', NULL, '2020-06-02 09:40:00'),
(19, 2, 'Karat Gold Face wash', 249.00, 199, 100, NULL, '<p><strong>Intensive Sunblock Clears Pores&nbsp; Refine Skin Texture Skin become Healthy&nbsp;The specially formulated face wash&nbsp;&nbsp;works form deep within to reduc&nbsp;&nbsp;the melanin content in your skin&nbsp;making it naturally fair and nourished.&nbsp;Its added sun screen gives you&nbsp; three times&nbsp;more protection from the harmful UVB&nbsp;rays to help retain your fairness.</strong></p>\r\n\r\n<p>&nbsp;</p>\r\n\r\n<p>&nbsp;</p>\r\n\r\n<p>&nbsp;</p>\r\n', '5ed4bd79b1d3f.png', NULL, '2020-06-02 09:40:00'),
(20, 2, 'Hair oil', 299.00, 249, 125, NULL, '<p><strong>Amla (Emblica officinalis)&nbsp;Mandukapani (Centella indica)&nbsp;Neem patra (Azadirachta indica)&nbsp;Mehandi patra (Lawsonia inermis)&nbsp;Reetha (Sapindus mukorossi)&nbsp;Khadira (Acacia catechi)&nbsp;Bhringraj (Eclipta alba)&nbsp;Tulsi (Ocimum sanctum)&nbsp;Shikakai (Acacia concinna)&nbsp; According to the Ayurveda, applying oil on your hair and massaging it regularly boosts the strength and texture of your hair. It also improves your sleep, calms your mind, gives relief from headaches, prevents premature greying of hair etc.</strong></p>\r\n\r\n<p>&nbsp;</p>\r\n', '5ed4bd5bd8e0c.png', NULL, '2020-06-02 09:39:00'),
(21, 2, 'Tooth Brush', 54.00, 52, 20, NULL, '<p><strong>Mi-Premium Toothpaste Contains 100% Active&nbsp;Natural Herbs. Provides Complete Oral Care Naturally. Herbodent Premium Full Of Natural&nbsp; Oral Hygieners Like Cardamom, Cinnamon,&nbsp;Clove Etc.</strong></p>\r\n\r\n<p>&nbsp;</p>\r\n', '5ed4bd30b099a.png', NULL, '2020-06-02 09:39:00'),
(22, 2, 'PremiumToothpaste', 94.00, 90, 22, NULL, '<p><strong>Prevents Dental Carries, Spongy Gum,&nbsp;Gum Bleeding, Pyorrhoea,Bad Breath.100% Vegetarian Toothpaste And Contains&nbsp;No Artificial Flavors, No Chalk Powder And No Gelatin.</strong></p>\r\n\r\n<p>&nbsp;</p>\r\n', '5ed4bd0d3ccb9.png', NULL, '2020-06-02 09:38:00'),
(23, 2, 'Freshina ', 299.00, 249, 197, NULL, '<p><strong>Feel Fresh and Clean&nbsp; whole day Healthy Protection Prevents toilet infection. Serves as anti-tumour.Presence of anion helps to treat infection &amp; kills 99.9% bacteria.Eliminates odour, itching and reduces stress in women.Relieves menstrual discomfort due to infection.Helps in relieving pains of arthritis and rheumatism.Prevents urinary tracts infection (UTI).</strong></p>\r\n\r\n<p>&nbsp;</p>\r\n', '5ed4bce3abd8a.png', NULL, '2020-06-02 09:38:00');

-- --------------------------------------------------------

--
-- Table structure for table `product_category`
--

CREATE TABLE `product_category` (
  `cat_id` int(11) NOT NULL,
  `cat_name` varchar(500) DEFAULT NULL,
  `modify` datetime DEFAULT NULL,
  `created` datetime DEFAULT NULL,
  `status` int(11) DEFAULT '1'
) ENGINE=InnoDB DEFAULT CHARSET=utf8mb4;

--
-- Dumping data for table `product_category`
--

INSERT INTO `product_category` (`cat_id`, `cat_name`, `modify`, `created`, `status`) VALUES
(1, 'Health Care', '2020-06-02 09:32:00', '2020-05-20 13:40:00', 1),
(2, 'Personel Care', '2020-06-02 09:34:00', '2020-05-20 13:41:00', 1),
(4, 'Food and Beverage', '2020-06-02 09:35:00', '2020-05-20 14:14:00', 1),
(5, 'Fashion Accessory', '2020-06-02 09:37:00', '2020-06-02 09:37:00', 1);

-- --------------------------------------------------------

--
-- Table structure for table `rank_detail`
--

CREATE TABLE `rank_detail` (
  `id` int(11) NOT NULL,
  `name` varchar(500) DEFAULT NULL,
  `leftcount` int(11) DEFAULT NULL,
  `rightcount` int(11) DEFAULT NULL,
  `tpv` decimal(12,2) DEFAULT '0.00'
) ENGINE=InnoDB DEFAULT CHARSET=latin1;

--
-- Dumping data for table `rank_detail`
--

INSERT INTO `rank_detail` (`id`, `name`, `leftcount`, `rightcount`, `tpv`) VALUES
(1, 'Executive', 0, 0, 200.00),
(2, 'Director', 0, 0, 500.00),
(3, 'Silver Director', 0, 0, 2000.00),
(4, 'Gold Director', 0, 0, 5000.00),
(5, 'Diamond Director', 0, 0, 10000.00),
(6, 'Crown Director', 0, 0, 25000.00);

-- --------------------------------------------------------

--
-- Table structure for table `rank_payout`
--

CREATE TABLE `rank_payout` (
  `id` int(11) NOT NULL,
  `uid` int(11) DEFAULT NULL,
  `rank` varchar(255) DEFAULT NULL,
  `amount` decimal(10,2) DEFAULT NULL,
  `date` datetime DEFAULT NULL,
  `cdate` datetime DEFAULT NULL
) ENGINE=InnoDB DEFAULT CHARSET=latin1;

-- --------------------------------------------------------

--
-- Table structure for table `rank_payout_detail`
--

CREATE TABLE `rank_payout_detail` (
  `id` int(11) NOT NULL,
  `rank_id` int(11) DEFAULT NULL,
  `bv` int(11) DEFAULT NULL,
  `perc` decimal(12,2) NOT NULL DEFAULT '0.00',
  `epv` int(11) DEFAULT NULL,
  `dpv` int(11) DEFAULT NULL,
  `spv` int(11) DEFAULT NULL,
  `gpv` int(11) DEFAULT NULL,
  `ddpv` int(11) DEFAULT NULL,
  `colname` varchar(500) DEFAULT NULL
) ENGINE=InnoDB DEFAULT CHARSET=utf8mb4;

--
-- Dumping data for table `rank_payout_detail`
--

INSERT INTO `rank_payout_detail` (`id`, `rank_id`, `bv`, `perc`, `epv`, `dpv`, `spv`, `gpv`, `ddpv`, `colname`) VALUES
(1, 5, 25000, 3.00, 5, 2, 1, 1, 1, 'ddb'),
(2, 4, 20000, 3.00, 4, 2, 1, 1, 0, 'gdb'),
(3, 3, 15000, 3.00, 3, 1, 1, 0, 0, 'sdb'),
(4, 2, 10000, 7.00, 2, 1, 0, 0, 0, 'db'),
(5, 1, 5000, 3.00, 1, 0, 0, 0, 0, 'eb');

-- --------------------------------------------------------

--
-- Table structure for table `reqpin`
--

CREATE TABLE `reqpin` (
  `id` int(11) NOT NULL,
  `uid` int(11) DEFAULT NULL,
  `no_of_pin` int(11) DEFAULT NULL,
  `plan_id` int(11) DEFAULT NULL,
  `status` int(11) DEFAULT '0',
  `approve_date` datetime DEFAULT NULL,
  `date` datetime DEFAULT NULL
) ENGINE=InnoDB DEFAULT CHARSET=latin1;

-- --------------------------------------------------------

--
-- Table structure for table `reqplan`
--

CREATE TABLE `reqplan` (
  `id` int(11) NOT NULL,
  `uid` int(11) DEFAULT NULL,
  `plan_id` int(11) DEFAULT NULL,
  `status` int(11) DEFAULT '0',
  `approve_date` datetime DEFAULT NULL,
  `date` datetime DEFAULT NULL
) ENGINE=InnoDB DEFAULT CHARSET=latin1;

-- --------------------------------------------------------

--
-- Table structure for table `review`
--

CREATE TABLE `review` (
  `rid` int(11) NOT NULL,
  `name` varchar(500) DEFAULT NULL,
  `email` varchar(500) DEFAULT NULL,
  `review` text,
  `product_id` int(11) DEFAULT NULL,
  `uid` int(11) DEFAULT NULL,
  `rating` int(11) DEFAULT NULL,
  `date` datetime DEFAULT NULL
) ENGINE=InnoDB DEFAULT CHARSET=utf8mb4;

-- --------------------------------------------------------

--
-- Table structure for table `reward`
--

CREATE TABLE `reward` (
  `id` int(11) NOT NULL,
  `uid` int(11) DEFAULT NULL,
  `amount` varchar(255) DEFAULT NULL,
  `reward` varchar(255) DEFAULT NULL,
  `status` int(11) DEFAULT '0',
  `cleared_date` datetime DEFAULT NULL,
  `date` datetime DEFAULT NULL
) ENGINE=InnoDB DEFAULT CHARSET=latin1;

-- --------------------------------------------------------

--
-- Table structure for table `rewards_plans`
--

CREATE TABLE `rewards_plans` (
  `id` int(11) NOT NULL,
  `name` varchar(500) DEFAULT NULL,
  `plan_id` int(11) NOT NULL,
  `amount` decimal(10,2) DEFAULT NULL,
  `ramount` decimal(10,2) DEFAULT NULL,
  `image` text,
  `rewards_desc` text
) ENGINE=InnoDB DEFAULT CHARSET=latin1;

-- --------------------------------------------------------

--
-- Table structure for table `reward_detail`
--

CREATE TABLE `reward_detail` (
  `id` int(11) NOT NULL,
  `rank_id` int(11) DEFAULT NULL,
  `gtb_pv` int(11) DEFAULT '0',
  `amount` int(11) DEFAULT '0',
  `month` int(11) DEFAULT '0'
) ENGINE=InnoDB DEFAULT CHARSET=utf8mb4;

--
-- Dumping data for table `reward_detail`
--

INSERT INTO `reward_detail` (`id`, `rank_id`, `gtb_pv`, `amount`, `month`) VALUES
(1, 1, 200, 3000, 3),
(2, 2, 300, 4500, 6),
(3, 3, 2000, 22500, 12),
(4, 4, 5000, 45000, 18),
(5, 5, 10000, 75000, 24),
(6, 6, 25000, 375000, 36);

-- --------------------------------------------------------

--
-- Table structure for table `reward_history`
--

CREATE TABLE `reward_history` (
  `id` int(11) NOT NULL,
  `uid` int(11) NOT NULL,
  `rank_id` int(11) NOT NULL,
  `pv` int(11) DEFAULT NULL,
  `amount` decimal(12,2) DEFAULT '0.00',
  `date` datetime DEFAULT NULL
) ENGINE=InnoDB DEFAULT CHARSET=utf8mb4;

-- --------------------------------------------------------

--
-- Table structure for table `reward_payout`
--

CREATE TABLE `reward_payout` (
  `id` int(11) NOT NULL,
  `uid` int(11) DEFAULT NULL,
  `amount` decimal(10,2) DEFAULT NULL,
  `created` datetime DEFAULT NULL,
  `updated` datetime DEFAULT NULL
) ENGINE=InnoDB DEFAULT CHARSET=latin1;

-- --------------------------------------------------------

--
-- Table structure for table `sdb_history`
--

CREATE TABLE `sdb_history` (
  `id` int(11) NOT NULL,
  `uid` int(11) NOT NULL DEFAULT '0',
  `pv` int(11) NOT NULL DEFAULT '0',
  `amount` decimal(12,2) NOT NULL DEFAULT '0.00',
  `bonus_point` decimal(12,2) NOT NULL DEFAULT '0.00',
  `total_turnover` decimal(12,2) NOT NULL DEFAULT '0.00',
  `total_pv` decimal(12,2) NOT NULL DEFAULT '0.00',
  `perc` decimal(12,2) NOT NULL DEFAULT '0.00',
  `left_bv` int(20) NOT NULL DEFAULT '0',
  `right_bv` int(20) NOT NULL DEFAULT '0',
  `date` datetime DEFAULT NULL
) ENGINE=InnoDB DEFAULT CHARSET=utf8mb4;

--
-- Dumping data for table `sdb_history`
--

INSERT INTO `sdb_history` (`id`, `uid`, `pv`, `amount`, `bonus_point`, `total_turnover`, `total_pv`, `perc`, `left_bv`, `right_bv`, `date`) VALUES
(1, 10, 2, 0.00, 0.00, 312050.00, 0.00, 3.00, 46000, 36500, '2020-06-01 08:27:00'),
(2, 12, 1, 0.00, 0.00, 312050.00, 0.00, 3.00, 20000, 16000, '2020-06-01 08:27:00');

-- --------------------------------------------------------

--
-- Table structure for table `self_purchase`
--

CREATE TABLE `self_purchase` (
  `id` int(11) NOT NULL,
  `rank_id` int(11) DEFAULT '0',
  `bv` int(11) DEFAULT '0',
  `minth` int(11) DEFAULT NULL
) ENGINE=InnoDB DEFAULT CHARSET=utf8mb4;

--
-- Dumping data for table `self_purchase`
--

INSERT INTO `self_purchase` (`id`, `rank_id`, `bv`, `minth`) VALUES
(1, 0, 100, 1),
(2, 1, 250, 1),
(3, 2, 500, 1),
(4, 3, 500, 1),
(5, 4, 500, 1),
(6, 5, 500, 1),
(7, 5, 500, 1);

-- --------------------------------------------------------

--
-- Table structure for table `sp_level`
--

CREATE TABLE `sp_level` (
  `id` int(11) NOT NULL,
  `level` int(11) DEFAULT '0',
  `bonus` decimal(12,2) DEFAULT '0.00'
) ENGINE=InnoDB DEFAULT CHARSET=utf8mb4;

--
-- Dumping data for table `sp_level`
--

INSERT INTO `sp_level` (`id`, `level`, `bonus`) VALUES
(1, 1, 5.00),
(2, 2, 2.00),
(3, 3, 2.00),
(4, 4, 2.00);

-- --------------------------------------------------------

--
-- Table structure for table `total_user`
--

CREATE TABLE `total_user` (
  `id` int(11) NOT NULL,
  `count` int(11) NOT NULL DEFAULT '0',
  `last_date` datetime DEFAULT NULL,
  `ref_date` datetime DEFAULT NULL
) ENGINE=InnoDB DEFAULT CHARSET=latin1;

-- --------------------------------------------------------

--
-- Table structure for table `transferpin`
--

CREATE TABLE `transferpin` (
  `id` int(11) NOT NULL,
  `pin_id` int(11) NOT NULL,
  `allot_by` int(11) NOT NULL,
  `allot_to` int(11) NOT NULL,
  `date` datetime NOT NULL
) ENGINE=InnoDB DEFAULT CHARSET=latin1;

-- --------------------------------------------------------

--
-- Table structure for table `transpin`
--

CREATE TABLE `transpin` (
  `pin_id` int(11) NOT NULL,
  `pin_code` varchar(250) CHARACTER SET latin1 COLLATE latin1_general_cs NOT NULL,
  `uid` int(11) DEFAULT NULL,
  `allot_uid` int(11) NOT NULL DEFAULT '0',
  `plan_id` int(11) DEFAULT NULL,
  `status` int(11) NOT NULL DEFAULT '0'
) ENGINE=InnoDB DEFAULT CHARSET=latin1;

--
-- Dumping data for table `transpin`
--

INSERT INTO `transpin` (`pin_id`, `pin_code`, `uid`, `allot_uid`, `plan_id`, `status`) VALUES
(1, 'ciLNiMse', 2, 0, 12, 1),
(2, 'SC3ajng6', 3, 0, 12, 1),
(3, 'wEeLK1g1', 4, 0, 12, 1),
(4, 'sOI6KCfG', 5, 0, 12, 1),
(5, 'EN8h4MGs', 6, 0, 12, 1),
(6, 'NdavUTsK', 7, 0, 12, 1),
(7, 'CMIHDkBK', 8, 0, 12, 1),
(8, 'zmdC7qcL', 9, 0, 12, 1),
(9, 'dWkVXJK0', 10, 0, 12, 1),
(10, 'ZWh1ELlD', 11, 0, 12, 1),
(11, 'fbmsOXsl', 12, 0, 12, 1),
(12, 'mOV8ClzQ', 13, 0, 12, 1),
(13, 'v52q8TrQ', 14, 0, 12, 1),
(14, 'z1dyE9Cm', 15, 0, 12, 1),
(15, 'FJrdHNw8', 16, 0, 12, 1),
(16, 'zBouP8B4', 17, 0, 12, 1),
(17, 'TOcIuAbS', 18, 0, 12, 1),
(18, 'OhQX6Bn4', 98, 0, 12, 1),
(19, 'MMF2TsuY', NULL, 0, 12, 0),
(20, '5taOz7Es', NULL, 0, 12, 0),
(21, 'ePauTBog', NULL, 0, 12, 0),
(22, 'n9eatxGe', NULL, 0, 12, 0),
(23, 'C6MfEH7d', NULL, 0, 12, 0),
(24, 'qUHGbBm4', NULL, 0, 12, 0),
(25, '6jdIc5mA', NULL, 0, 12, 0),
(26, 'U4XkmqZL', NULL, 0, 12, 0),
(27, '4ruUPY0k', NULL, 0, 12, 0),
(28, 'q8Usl0R5', NULL, 0, 12, 0),
(29, '5cRsAYT1', NULL, 0, 12, 0),
(30, 'plQl2tue', NULL, 0, 12, 0),
(31, 'LZ2fau2e', NULL, 0, 12, 0),
(32, 'PsMvxyOv', NULL, 0, 12, 0),
(33, 'S6o85Jjs', NULL, 0, 12, 0),
(34, 'IhosLiJm', 19, 0, 12, 1),
(35, 'ybP6CHcE', NULL, 0, 1, 0),
(36, 'PWreX7KB', 20, 0, 12, 1),
(37, 'XhlLZBsa', NULL, 0, 1, 0),
(38, 'EgfmAlOe', NULL, 0, 12, 0),
(39, 'A78AJ8Hs', NULL, 0, 1, 0),
(40, '3PFUqdTF', 21, 0, 12, 1),
(41, 'hmJLztAf', NULL, 0, 1, 0),
(42, 'WnNTzi1N', 22, 0, 12, 1),
(43, '79lTS0mF', NULL, 0, 1, 0),
(44, '2nQozpd6', 23, 0, 12, 1),
(45, '2rrNEuVk', NULL, 0, 1, 0),
(46, 'PLRiYLDV', 24, 0, 12, 1),
(47, 'zU7CaUrE', NULL, 0, 1, 0),
(48, 'VTEg2xyi', 25, 0, 12, 1),
(49, 'z8F3Pfnm', NULL, 0, 1, 0),
(50, 'dBCUQkbU', 26, 0, 12, 1),
(51, '2WqPlXFs', NULL, 0, 1, 0),
(52, '7s6kVnNH', 27, 0, 12, 1),
(53, 'xHSfHwLr', NULL, 0, 1, 0),
(54, '6WlnzQBy', 28, 0, 12, 1),
(55, '6BRS5bfu', NULL, 0, 1, 0),
(56, 'xFyUUalG', 29, 0, 12, 1),
(57, 'BQf8CxG7', NULL, 0, 1, 0),
(58, '1agjoLks', NULL, 0, 12, 0),
(59, 'Hu3P8TpY', NULL, 0, 1, 0),
(60, '4me7jE1v', 30, 0, 12, 1),
(61, 'moZ0nDfG', 31, 0, 12, 1),
(62, 'EzfXGqsA', NULL, 0, 1, 0),
(63, 'mEKXyBN0', 32, 0, 12, 1),
(64, 'iFECGHYV', NULL, 0, 1, 0),
(65, 'PVmA1Uau', 33, 0, 12, 1),
(66, 'Hjv2O7E5', NULL, 0, 1, 0),
(67, 'WXFA4w2U', 34, 0, 12, 1),
(68, 'CVNwtTHC', NULL, 0, 1, 0),
(69, '3mHyvRSf', 35, 0, 12, 1),
(70, 'KYTqxaaH', 36, 0, 12, 1),
(71, 'rlDYeacZ', NULL, 0, 1, 0),
(72, 'BXXm1BkQ', 37, 0, 12, 1),
(73, 'f6IolUab', NULL, 0, 1, 0),
(74, 'yZiu4Wym', 38, 0, 12, 1),
(75, '1qQMRzY4', NULL, 0, 1, 0),
(76, '0Oe2H4Nm', 39, 0, 12, 1),
(77, 'sycIkDYL', NULL, 0, 1, 0),
(78, 'izHnVSPy', 40, 0, 12, 1),
(79, '7zHMaTPB', NULL, 0, 1, 0),
(80, 'aIykfR6q', NULL, 0, 12, 0),
(81, 'hSzFiLCM', NULL, 0, 1, 0),
(82, '94vDhP6Z', NULL, 0, 12, 0),
(83, '4ZJDFvTa', NULL, 0, 1, 0),
(84, 'ToQ3K2Vn', 41, 0, 12, 1),
(85, 'SfzqHcLW', NULL, 0, 1, 0),
(86, '0iczrjSA', 42, 0, 12, 1),
(87, '6bYf5IqK', NULL, 0, 1, 0),
(88, 'RbV8Y0ib', 43, 0, 12, 1),
(89, 'EXTYErK1', 44, 0, 12, 1),
(90, 'iecHRyDp', NULL, 0, 1, 0),
(91, '2yYfJtif', 45, 0, 12, 1),
(92, 'lX7qMk6L', NULL, 0, 1, 0),
(93, 'qeArHik4', 46, 0, 12, 1),
(94, 'WH94YqF1', NULL, 0, 1, 0),
(95, 'avl3JA3R', 47, 0, 12, 1),
(96, 'HzDzgZJ1', 48, 0, 12, 1),
(97, 'VDxBAqlk', 49, 0, 12, 1),
(98, 'IVW793B0', NULL, 0, 1, 0),
(99, 'y0b4zW2s', NULL, 0, 12, 0),
(100, 'yIoWOziV', NULL, 0, 1, 0),
(101, 'yCDoBBS0', 50, 0, 12, 1),
(102, '1TSaBwo0', NULL, 0, 1, 0),
(103, 'odLcJib2', 51, 0, 12, 1),
(104, 'xAbsoPHG', NULL, 0, 1, 0),
(105, 'vuyaFsOq', NULL, 0, 12, 0),
(106, 'XiERnuvL', NULL, 0, 1, 0),
(107, 'qMBHUPZK', 52, 0, 12, 1),
(108, 'Qr2GRayD', NULL, 0, 1, 0),
(109, 'JEHZX4eF', 53, 0, 12, 1),
(110, 'UQQqXo8R', NULL, 0, 1, 0),
(111, 'O6DhGe4I', 54, 0, 12, 1),
(112, 'EUGVCPWS', NULL, 0, 1, 0),
(113, 'WfPp0Q60', 55, 0, 12, 1),
(114, 'ZVoLzRYx', NULL, 0, 1, 0),
(115, 'JkqUFXJo', 56, 0, 12, 1),
(116, 'KQmLgiGx', NULL, 0, 1, 0),
(117, 's5ln0pLn', 57, 0, 12, 1),
(118, 'ZKa8kNI8', NULL, 0, 1, 0),
(119, 'Iv6fVbeV', 58, 0, 12, 1),
(120, '4qq8OtI5', NULL, 0, 1, 0),
(121, 'Pgp2IxEj', 59, 0, 12, 1),
(122, 'r4JVgc0X', NULL, 0, 1, 0),
(123, 'zW7Mrwf7', NULL, 0, 12, 0),
(124, 'qhZuYjIP', NULL, 0, 1, 0),
(125, 'e4cssGrg', 60, 0, 12, 1),
(126, 'myZILEtp', 61, 0, 12, 1),
(127, 'uvsOIwsS', 62, 0, 12, 1),
(128, '1u611Huh', NULL, 0, 12, 0),
(129, 'NFQqkImv', 63, 0, 12, 1),
(130, 'qWVsfaFs', 64, 0, 12, 1),
(131, 'x9BKBIlm', 65, 0, 12, 1),
(132, 'w3jdXL6Q', NULL, 0, 12, 0),
(133, 'pqeGuezR', 66, 0, 12, 1),
(134, 'OEFbOOqG', 67, 0, 12, 1),
(135, '6C0Z57fA', 68, 0, 12, 1),
(136, 'D4hhSpAL', NULL, 0, 12, 0),
(137, 'weERQ4qc', 69, 0, 12, 1),
(138, 'vEDHnMr9', 70, 0, 12, 1),
(139, 'hvJpIRY7', NULL, 0, 12, 0),
(140, '0MzVxF8Q', 71, 0, 12, 1),
(141, 'CgIbSoPa', 72, 0, 12, 1),
(142, 'oBEFjEmR', 73, 0, 12, 1),
(143, 'ky4xtdW4', NULL, 0, 12, 0),
(144, 'bvc3aofP', NULL, 0, 12, 0),
(145, '2B0czv5r', 74, 0, 12, 1),
(146, 'rGpFGPQi', NULL, 0, 12, 0),
(147, 'REwBBGap', NULL, 0, 12, 0),
(148, 'GMpWd2FW', NULL, 0, 12, 0),
(149, 'k40eTppY', NULL, 0, 12, 0),
(150, 'Ud0bGeV4', NULL, 0, 12, 0),
(151, 'qkzWDRd6', NULL, 0, 12, 0),
(152, 'H6ErLfGZ', NULL, 0, 12, 0),
(153, 'KNVozQvJ', NULL, 0, 12, 0),
(154, '2VuXVcyO', 75, 0, 12, 1),
(155, 'vLHUnbdc', 76, 0, 12, 1),
(156, 'IhoX9Rdu', 77, 0, 12, 1),
(157, 'V1Quq9Vu', 78, 0, 12, 1),
(158, 'g7JI9nqc', 79, 0, 12, 1),
(159, 'PcKNrCSz', 80, 0, 12, 1),
(160, 'YKXC25yi', 81, 0, 12, 1),
(161, 'twKa7BJJ', 82, 0, 12, 1),
(162, '2TPzQPHR', 83, 0, 12, 1),
(163, 'FRvMr3YZ', 84, 0, 12, 1),
(164, 'Vt8eQ9lk', 85, 0, 12, 1),
(165, '4T1isfuz', 86, 0, 12, 1),
(166, 'exUkboSW', 87, 0, 12, 1),
(167, 'YBxO33gk', 88, 0, 12, 1),
(168, 'Cj7Gj6cd', 89, 0, 12, 1),
(169, 'hOLKwyrh', 90, 0, 12, 1),
(170, '96rJukb9', 91, 0, 12, 1),
(171, 'Y82Mxf0h', 92, 0, 12, 1),
(172, 'AOBrrto4', 93, 0, 12, 1),
(173, 'r7nkFtVC', 94, 0, 12, 1),
(174, '6j4R0FTR', 95, 0, 12, 1),
(175, 'NnSbsTiJ', 96, 0, 12, 1),
(176, '3GstvnUD', 97, 0, 12, 1),
(177, 'Fio3vyOz', NULL, 0, 12, 0),
(178, 'ahd7MEOf', NULL, 0, 12, 0),
(179, 'IMyDxpjE', NULL, 0, 12, 0),
(180, '4inJyXpI', NULL, 0, 12, 0);

-- --------------------------------------------------------

--
-- Table structure for table `user_bank`
--

CREATE TABLE `user_bank` (
  `bank_id` int(11) NOT NULL,
  `uid` int(11) NOT NULL,
  `bank_name` varchar(250) DEFAULT NULL,
  `branch_name` varchar(250) DEFAULT NULL,
  `acnumber` varchar(250) DEFAULT NULL,
  `bankholder` varchar(250) DEFAULT NULL,
  `swiftcode` varchar(250) DEFAULT NULL,
  `pan_card_image` varchar(255) DEFAULT NULL,
  `adhar_card_image_front` varchar(255) DEFAULT NULL,
  `adhar_card_image_back` varchar(255) DEFAULT NULL
) ENGINE=InnoDB DEFAULT CHARSET=latin1 ROW_FORMAT=COMPACT;

--
-- Dumping data for table `user_bank`
--

INSERT INTO `user_bank` (`bank_id`, `uid`, `bank_name`, `branch_name`, `acnumber`, `bankholder`, `swiftcode`, `pan_card_image`, `adhar_card_image_front`, `adhar_card_image_back`) VALUES
(1, 1, NULL, NULL, NULL, NULL, NULL, NULL, NULL, NULL),
(2, 2, NULL, NULL, NULL, NULL, NULL, NULL, NULL, NULL),
(3, 3, NULL, NULL, NULL, NULL, NULL, NULL, NULL, NULL),
(4, 4, NULL, NULL, NULL, NULL, NULL, NULL, NULL, NULL),
(5, 5, NULL, NULL, NULL, NULL, NULL, NULL, NULL, NULL),
(6, 6, NULL, NULL, NULL, NULL, NULL, NULL, NULL, NULL),
(7, 7, NULL, NULL, NULL, NULL, NULL, NULL, NULL, NULL),
(8, 8, NULL, NULL, NULL, NULL, NULL, NULL, NULL, NULL),
(9, 9, NULL, NULL, NULL, NULL, NULL, NULL, NULL, NULL),
(10, 10, NULL, NULL, NULL, NULL, NULL, NULL, NULL, NULL),
(11, 11, NULL, NULL, NULL, NULL, NULL, NULL, NULL, NULL),
(12, 12, NULL, NULL, NULL, NULL, NULL, NULL, NULL, NULL),
(13, 13, NULL, NULL, NULL, NULL, NULL, NULL, NULL, NULL),
(14, 14, NULL, NULL, NULL, NULL, NULL, NULL, NULL, NULL),
(15, 15, NULL, NULL, NULL, NULL, NULL, NULL, NULL, NULL),
(16, 16, NULL, NULL, NULL, NULL, NULL, NULL, NULL, NULL),
(17, 17, NULL, NULL, NULL, NULL, NULL, NULL, NULL, NULL),
(18, 18, NULL, NULL, NULL, NULL, NULL, NULL, NULL, NULL),
(19, 19, NULL, NULL, NULL, NULL, NULL, NULL, NULL, NULL),
(20, 20, NULL, NULL, NULL, NULL, NULL, NULL, NULL, NULL),
(21, 21, NULL, NULL, NULL, NULL, NULL, NULL, NULL, NULL),
(22, 22, NULL, NULL, NULL, NULL, NULL, NULL, NULL, NULL),
(23, 23, NULL, NULL, NULL, NULL, NULL, NULL, NULL, NULL),
(24, 24, NULL, NULL, NULL, NULL, NULL, NULL, NULL, NULL),
(25, 25, NULL, NULL, NULL, NULL, NULL, NULL, NULL, NULL),
(26, 26, NULL, NULL, NULL, NULL, NULL, NULL, NULL, NULL),
(27, 27, NULL, NULL, NULL, NULL, NULL, NULL, NULL, NULL),
(28, 28, NULL, NULL, NULL, NULL, NULL, NULL, NULL, NULL),
(29, 29, NULL, NULL, NULL, NULL, NULL, NULL, NULL, NULL),
(30, 30, NULL, NULL, NULL, NULL, NULL, NULL, NULL, NULL),
(31, 31, NULL, NULL, NULL, NULL, NULL, NULL, NULL, NULL),
(32, 32, NULL, NULL, NULL, NULL, NULL, NULL, NULL, NULL),
(33, 33, NULL, NULL, NULL, NULL, NULL, NULL, NULL, NULL),
(34, 34, NULL, NULL, NULL, NULL, NULL, NULL, NULL, NULL),
(35, 35, NULL, NULL, NULL, NULL, NULL, NULL, NULL, NULL),
(36, 36, NULL, NULL, NULL, NULL, NULL, NULL, NULL, NULL),
(37, 37, NULL, NULL, NULL, NULL, NULL, NULL, NULL, NULL),
(38, 38, NULL, NULL, NULL, NULL, NULL, NULL, NULL, NULL),
(39, 39, NULL, NULL, NULL, NULL, NULL, NULL, NULL, NULL),
(40, 40, NULL, NULL, NULL, NULL, NULL, NULL, NULL, NULL),
(41, 41, NULL, NULL, NULL, NULL, NULL, NULL, NULL, NULL),
(42, 42, NULL, NULL, NULL, NULL, NULL, NULL, NULL, NULL),
(43, 43, NULL, NULL, NULL, NULL, NULL, NULL, NULL, NULL),
(44, 44, NULL, NULL, NULL, NULL, NULL, NULL, NULL, NULL),
(45, 45, NULL, NULL, NULL, NULL, NULL, NULL, NULL, NULL),
(46, 46, NULL, NULL, NULL, NULL, NULL, NULL, NULL, NULL),
(47, 47, NULL, NULL, NULL, NULL, NULL, NULL, NULL, NULL),
(48, 48, NULL, NULL, NULL, NULL, NULL, NULL, NULL, NULL),
(49, 49, NULL, NULL, NULL, NULL, NULL, NULL, NULL, NULL),
(50, 50, NULL, NULL, NULL, NULL, NULL, NULL, NULL, NULL),
(51, 51, NULL, NULL, NULL, NULL, NULL, NULL, NULL, NULL),
(52, 52, NULL, NULL, NULL, NULL, NULL, NULL, NULL, NULL),
(53, 53, NULL, NULL, NULL, NULL, NULL, NULL, NULL, NULL),
(54, 54, NULL, NULL, NULL, NULL, NULL, NULL, NULL, NULL),
(55, 55, NULL, NULL, NULL, NULL, NULL, NULL, NULL, NULL),
(56, 56, NULL, NULL, NULL, NULL, NULL, NULL, NULL, NULL),
(57, 57, NULL, NULL, NULL, NULL, NULL, NULL, NULL, NULL),
(58, 58, NULL, NULL, NULL, NULL, NULL, NULL, NULL, NULL),
(59, 59, NULL, NULL, NULL, NULL, NULL, NULL, NULL, NULL),
(60, 60, NULL, NULL, NULL, NULL, NULL, NULL, NULL, NULL),
(61, 61, NULL, NULL, NULL, NULL, NULL, NULL, NULL, NULL),
(62, 62, NULL, NULL, NULL, NULL, NULL, NULL, NULL, NULL),
(63, 63, NULL, NULL, NULL, NULL, NULL, NULL, NULL, NULL),
(64, 64, NULL, NULL, NULL, NULL, NULL, NULL, NULL, NULL),
(65, 65, NULL, NULL, NULL, NULL, NULL, NULL, NULL, NULL),
(66, 66, NULL, NULL, NULL, NULL, NULL, NULL, NULL, NULL),
(67, 67, NULL, NULL, NULL, NULL, NULL, NULL, NULL, NULL),
(68, 68, NULL, NULL, NULL, NULL, NULL, NULL, NULL, NULL),
(69, 69, NULL, NULL, NULL, NULL, NULL, NULL, NULL, NULL),
(70, 70, NULL, NULL, NULL, NULL, NULL, NULL, NULL, NULL),
(71, 71, NULL, NULL, NULL, NULL, NULL, NULL, NULL, NULL),
(72, 72, NULL, NULL, NULL, NULL, NULL, NULL, NULL, NULL),
(73, 73, NULL, NULL, NULL, NULL, NULL, NULL, NULL, NULL),
(74, 74, NULL, NULL, NULL, NULL, NULL, NULL, NULL, NULL),
(75, 75, NULL, NULL, NULL, NULL, NULL, NULL, NULL, NULL),
(76, 76, NULL, NULL, NULL, NULL, NULL, NULL, NULL, NULL),
(77, 77, NULL, NULL, NULL, NULL, NULL, NULL, NULL, NULL),
(78, 78, NULL, NULL, NULL, NULL, NULL, NULL, NULL, NULL),
(79, 79, NULL, NULL, NULL, NULL, NULL, NULL, NULL, NULL),
(80, 80, NULL, NULL, NULL, NULL, NULL, NULL, NULL, NULL),
(81, 81, NULL, NULL, NULL, NULL, NULL, NULL, NULL, NULL),
(82, 82, NULL, NULL, NULL, NULL, NULL, NULL, NULL, NULL),
(83, 83, NULL, NULL, NULL, NULL, NULL, NULL, NULL, NULL),
(84, 84, NULL, NULL, NULL, NULL, NULL, NULL, NULL, NULL),
(85, 85, NULL, NULL, NULL, NULL, NULL, NULL, NULL, NULL),
(86, 86, NULL, NULL, NULL, NULL, NULL, NULL, NULL, NULL),
(87, 87, NULL, NULL, NULL, NULL, NULL, NULL, NULL, NULL),
(88, 88, NULL, NULL, NULL, NULL, NULL, NULL, NULL, NULL),
(89, 89, NULL, NULL, NULL, NULL, NULL, NULL, NULL, NULL),
(90, 90, NULL, NULL, NULL, NULL, NULL, NULL, NULL, NULL),
(91, 91, NULL, NULL, NULL, NULL, NULL, NULL, NULL, NULL),
(92, 92, NULL, NULL, NULL, NULL, NULL, NULL, NULL, NULL),
(93, 93, NULL, NULL, NULL, NULL, NULL, NULL, NULL, NULL),
(94, 94, NULL, NULL, NULL, NULL, NULL, NULL, NULL, NULL),
(95, 95, NULL, NULL, NULL, NULL, NULL, NULL, NULL, NULL),
(96, 96, NULL, NULL, NULL, NULL, NULL, NULL, NULL, NULL),
(97, 97, NULL, NULL, NULL, NULL, NULL, NULL, NULL, NULL),
(98, 98, NULL, NULL, NULL, NULL, NULL, NULL, NULL, NULL);

-- --------------------------------------------------------

--
-- Table structure for table `user_detail`
--

CREATE TABLE `user_detail` (
  `id` int(11) NOT NULL,
  `uid` int(11) NOT NULL,
  `first_name` varchar(250) NOT NULL,
  `last_name` varchar(250) DEFAULT NULL,
  `gender` varchar(250) DEFAULT NULL,
  `email` varchar(250) NOT NULL,
  `mobile` varchar(250) NOT NULL,
  `pan_no` varchar(250) DEFAULT NULL,
  `phone` varchar(250) DEFAULT NULL,
  `state` varchar(250) DEFAULT NULL,
  `city` varchar(250) DEFAULT NULL,
  `zip` varchar(250) DEFAULT NULL,
  `address` varchar(250) DEFAULT NULL,
  `relation` varchar(250) DEFAULT NULL,
  `country` varchar(250) DEFAULT NULL,
  `beneficiary` varchar(250) DEFAULT NULL
) ENGINE=InnoDB DEFAULT CHARSET=latin1 ROW_FORMAT=COMPACT;

--
-- Dumping data for table `user_detail`
--

INSERT INTO `user_detail` (`id`, `uid`, `first_name`, `last_name`, `gender`, `email`, `mobile`, `pan_no`, `phone`, `state`, `city`, `zip`, `address`, `relation`, `country`, `beneficiary`) VALUES
(1, 1, 'DSV INFO', 'Solutions', 'other', 'dsvinfosolutions@gmail.com', '9898989898', '123', '123456789', 'Maharastra', 'Mumbai', '401303', 'Mumbai', 'no relation', 'India', 'no beneficiary'),
(2, 2, 'Yogesh', 'Nagare', 'male', 'gps927@gmail.com', '9898989898', NULL, NULL, NULL, NULL, NULL, NULL, NULL, NULL, NULL),
(3, 3, 'Gajendra', 'solanki', 'male', 'gps92728@gmail.com', '9082104039', NULL, NULL, NULL, NULL, NULL, NULL, NULL, NULL, NULL),
(4, 4, 'GAJENDRA', 'SOLANKI', 'male', '', '9082104039', NULL, NULL, NULL, NULL, NULL, NULL, NULL, NULL, NULL),
(5, 5, 'GAJENDRA', 'SOLANKI', 'male', '', '9082104039', NULL, NULL, NULL, NULL, NULL, NULL, NULL, NULL, NULL),
(6, 6, 'Yogesh ', 'nagare', 'male', 'yogeshnagare55@gmail.com', '8108021135', NULL, NULL, NULL, NULL, NULL, NULL, NULL, NULL, NULL),
(7, 7, 'GAJENDRA', 'SOLANKI', 'male', '', '9082104039', NULL, NULL, NULL, NULL, NULL, NULL, NULL, NULL, NULL),
(8, 8, 'Yogesh', 'Nagare', 'male', 'yogeshnagare55@gmail.com', '8108021135', NULL, NULL, NULL, NULL, NULL, NULL, NULL, NULL, NULL),
(9, 9, 'DVDA', 'RAJESH', 'male', 'yogeshnagare55@gmail.com', '8108021135', NULL, NULL, NULL, NULL, NULL, NULL, NULL, NULL, NULL),
(10, 10, 'NAYAN', 'WARIK', 'male', 'yogeshnagare55@gmail.com', '8108200185', NULL, NULL, NULL, NULL, NULL, NULL, NULL, NULL, NULL),
(11, 11, 'sagar', 'sagar', 'male', '', '9898989898', NULL, NULL, NULL, NULL, NULL, NULL, NULL, NULL, NULL),
(12, 12, 'GAJENDRA', 'SOLANKI', 'male', '', '9082104039', NULL, NULL, NULL, NULL, NULL, NULL, NULL, NULL, NULL),
(13, 13, 'GAJENDRA', 'SOLANKI', 'male', '', '9082104039', NULL, NULL, NULL, NULL, NULL, NULL, NULL, NULL, NULL),
(14, 14, 'GAJENDRA', 'SOLANKI', 'male', '', '9082104039', NULL, NULL, NULL, NULL, NULL, NULL, NULL, NULL, NULL),
(15, 15, 'NAYAN', 'WARIK', 'female', 'yogeshnagare55@gmail.com', '8108200185', NULL, NULL, NULL, NULL, NULL, NULL, NULL, NULL, NULL),
(16, 16, 'GAJENDRA', 'SOLANKI', 'male', '', '9082104039', NULL, NULL, NULL, NULL, NULL, NULL, NULL, NULL, NULL),
(17, 17, 'NAYAN', 'WARIK', 'female', 'yogeshnagare55@gmail.com', '8108200185', NULL, NULL, NULL, NULL, NULL, NULL, NULL, NULL, NULL),
(18, 18, 'JYOTI', 'NAGARE', 'female', 'yogeshnagare55@gmail.com', '8108200185', NULL, NULL, NULL, NULL, NULL, NULL, NULL, NULL, NULL),
(19, 19, 'jinal', 'ravaliya', 'female', 'jinal@gmail.com', '09898989898', NULL, NULL, NULL, NULL, NULL, NULL, NULL, NULL, NULL),
(20, 20, 'DVDA', 'WARIK', 'female', 'yogeshnagare55@gmail.com', '8108021135', NULL, NULL, NULL, NULL, NULL, NULL, NULL, NULL, NULL),
(21, 21, 'DVDA', 'WARIK', 'female', 'yogeshnagare55@gmail.com', '8108021135', NULL, NULL, NULL, NULL, NULL, NULL, NULL, NULL, NULL),
(22, 22, 'DVDA', 'WARIK', 'female', 'yogeshnagare55@gmail.com', '8108021135', NULL, NULL, NULL, NULL, NULL, NULL, NULL, NULL, NULL),
(23, 23, 'DVDA', 'WARIK', 'female', 'yogeshnagare55@gmail.com', '8108021135', NULL, NULL, NULL, NULL, NULL, NULL, NULL, NULL, NULL),
(24, 24, 'DVDA', 'WARIK', 'female', 'yogeshnagare55@gmail.com', '8108021135', NULL, NULL, NULL, NULL, NULL, NULL, NULL, NULL, NULL),
(25, 25, 'JYOTI', 'NAGARE', 'female', 'yogeshnagare55@gmail.com', '8108200185', NULL, NULL, NULL, NULL, NULL, NULL, NULL, NULL, NULL),
(26, 26, 'JYOTI', 'NAGARE', 'female', 'yogeshnagare55@gmail.com', '8108200185', NULL, NULL, NULL, NULL, NULL, NULL, NULL, NULL, NULL),
(27, 27, 'JYOTI', 'NAGARE', 'female', 'yogeshnagare55@gmail.com', '8108200185', NULL, NULL, NULL, NULL, NULL, NULL, NULL, NULL, NULL),
(28, 28, 'JYOTI', 'NAGARE', 'female', 'yogeshnagare55@gmail.com', '8108200185', NULL, NULL, NULL, NULL, NULL, NULL, NULL, NULL, NULL),
(29, 29, 'JYOTI', 'NAGARE', 'female', 'yogeshnagare55@gmail.com', '8108200185', NULL, NULL, NULL, NULL, NULL, NULL, NULL, NULL, NULL),
(30, 30, 'JYOTI', 'NAGARE', 'female', 'yogeshnagare55@gmail.com', '8108200185', NULL, NULL, NULL, NULL, NULL, NULL, NULL, NULL, NULL),
(31, 31, 'GAJENDRA', 'SOLANKI', 'male', '', '9082104039', NULL, NULL, NULL, NULL, NULL, NULL, NULL, NULL, NULL),
(32, 32, 'JYOTI', 'NAGARE', 'female', 'yogeshnagare55@gmail.com', '8108200185', NULL, NULL, NULL, NULL, NULL, NULL, NULL, NULL, NULL),
(33, 33, 'JYOTI', 'NAGARE', 'female', 'yogeshnagare55@gmail.com', '8108200185', NULL, NULL, NULL, NULL, NULL, NULL, NULL, NULL, NULL),
(34, 34, 'JYOTI', 'NAGARE', 'female', 'yogeshnagare55@gmail.com', '8108200185', NULL, NULL, NULL, NULL, NULL, NULL, NULL, NULL, NULL),
(35, 35, 'JYOTI', 'NAGARE', 'female', 'yogeshnagare55@gmail.com', '8108200185', NULL, NULL, NULL, NULL, NULL, NULL, NULL, NULL, NULL),
(36, 36, 'GAJENDRA', 'SOLANKI', 'male', '', '9082104039', NULL, NULL, NULL, NULL, NULL, NULL, NULL, NULL, NULL),
(37, 37, 'JYOTI', 'NAGARE', 'female', 'yogeshnagare55@gmail.com', '8108200185', NULL, NULL, NULL, NULL, NULL, NULL, NULL, NULL, NULL),
(38, 38, 'JYOTI', 'NAGARE', 'female', 'yogeshnagare55@gmail.com', '8108200185', NULL, NULL, NULL, NULL, NULL, NULL, NULL, NULL, NULL),
(39, 39, 'JYOTI', 'NAGARE', 'female', 'yogeshnagare55@gmail.com', '8108200185', NULL, NULL, NULL, NULL, NULL, NULL, NULL, NULL, NULL),
(40, 40, 'JYOTI', 'NAGARE', 'female', 'yogeshnagare55@gmail.com', '8108200185', NULL, NULL, NULL, NULL, NULL, NULL, NULL, NULL, NULL),
(41, 41, 'JYOTI', 'NAGARE', 'female', 'yogeshnagare55@gmail.com', '8108200185', NULL, NULL, NULL, NULL, NULL, NULL, NULL, NULL, NULL),
(42, 42, 'JYOTI', 'NAGARE', 'female', 'yogeshnagare55@gmail.com', '8108200185', NULL, NULL, NULL, NULL, NULL, NULL, NULL, NULL, NULL),
(43, 43, 'JYOTI', 'NAGARE', 'female', 'yogeshnagare55@gmail.com', '8108200185', NULL, NULL, NULL, NULL, NULL, NULL, NULL, NULL, NULL),
(44, 44, 'GAJENDRA', 'SOLANKI', 'male', '', '9082104039', NULL, NULL, NULL, NULL, NULL, NULL, NULL, NULL, NULL),
(45, 45, 'JYOTI', 'NAGARE', 'female', 'yogeshnagare55@gmail.com', '8108200185', NULL, NULL, NULL, NULL, NULL, NULL, NULL, NULL, NULL),
(46, 46, 'JYOTI', 'NAGARE', 'female', 'yogeshnagare55@gmail.com', '8108200185', NULL, NULL, NULL, NULL, NULL, NULL, NULL, NULL, NULL),
(47, 47, 'JYOTI', 'NAGARE', 'female', 'yogeshnagare55@gmail.com', '8108200185', NULL, NULL, NULL, NULL, NULL, NULL, NULL, NULL, NULL),
(48, 48, 'GAJENDRA', 'SOLANKI', 'male', '', '9082104039', NULL, NULL, NULL, NULL, NULL, NULL, NULL, NULL, NULL),
(49, 49, 'GAJENDRA', 'SOLANKI', 'male', '', '9082104039', NULL, NULL, NULL, NULL, NULL, NULL, NULL, NULL, NULL),
(50, 50, 'NAYAN', 'WARIK', 'male', 'yogeshnagare55@gmail.com', '8108200185', NULL, NULL, NULL, NULL, NULL, NULL, NULL, NULL, NULL),
(51, 51, 'NAYAN', 'WARIK', 'male', 'yogeshnagare55@gmail.com', '8108200185', NULL, NULL, NULL, NULL, NULL, NULL, NULL, NULL, NULL),
(52, 52, 'NAYAN', 'WARIK', 'male', 'yogeshnagare55@gmail.com', '8108200185', NULL, NULL, NULL, NULL, NULL, NULL, NULL, NULL, NULL),
(53, 53, 'NAYAN', 'WARIK', 'male', 'yogeshnagare55@gmail.com', '8108200185', NULL, NULL, NULL, NULL, NULL, NULL, NULL, NULL, NULL),
(54, 54, 'NAYAN', 'WARIK', 'male', 'yogeshnagare55@gmail.com', '8108200185', NULL, NULL, NULL, NULL, NULL, NULL, NULL, NULL, NULL),
(55, 55, 'NAYAN', 'WARIK', 'male', 'yogeshnagare55@gmail.com', '8108200185', NULL, NULL, NULL, NULL, NULL, NULL, NULL, NULL, NULL),
(56, 56, 'NAYAN', 'WARIK', 'male', 'yogeshnagare55@gmail.com', '8108200185', NULL, NULL, NULL, NULL, NULL, NULL, NULL, NULL, NULL),
(57, 57, 'NAYAN', 'WARIK', 'male', 'yogeshnagare55@gmail.com', '8108200185', NULL, NULL, NULL, NULL, NULL, NULL, NULL, NULL, NULL),
(58, 58, 'NAYAN', 'WARIK', 'male', 'yogeshnagare55@gmail.com', '8108200185', NULL, NULL, NULL, NULL, NULL, NULL, NULL, NULL, NULL),
(59, 59, 'NAYAN', 'WARIK', 'male', 'yogeshnagare55@gmail.com', '8108200185', NULL, NULL, NULL, NULL, NULL, NULL, NULL, NULL, NULL),
(60, 60, 'NAYAN', 'WARIK', 'male', 'yogeshnagare55@gmail.com', '8108200185', NULL, NULL, NULL, NULL, NULL, NULL, NULL, NULL, NULL),
(61, 61, 'GAJENDRA', 'SOLANKI', 'male', '', '9082104039', NULL, NULL, NULL, NULL, NULL, NULL, NULL, NULL, NULL),
(62, 62, 'GAJENDRA', 'SOLANKI', 'male', '', '9082104039', NULL, NULL, NULL, NULL, NULL, NULL, NULL, NULL, NULL),
(63, 63, 'GAJENDRA', 'SOLANKI', 'male', '', '9082104039', NULL, NULL, NULL, NULL, NULL, NULL, NULL, NULL, NULL),
(64, 64, 'GAJENDRA', 'SOLANKI', 'male', '', '9082104039', NULL, NULL, NULL, NULL, NULL, NULL, NULL, NULL, NULL),
(65, 65, 'GAJENDRA', 'SOLANKI', 'male', '', '9082104039', NULL, NULL, NULL, NULL, NULL, NULL, NULL, NULL, NULL),
(66, 66, 'GAJENDRA', 'SOLANKI', 'male', '', '9082104039', NULL, NULL, NULL, NULL, NULL, NULL, NULL, NULL, NULL),
(67, 67, 'GAJENDRA', 'SOLANKI', 'male', '', '9082104039', NULL, NULL, NULL, NULL, NULL, NULL, NULL, NULL, NULL),
(68, 68, 'GAJENDRA', 'SOLANKI', 'male', '', '9082104039', NULL, NULL, NULL, NULL, NULL, NULL, NULL, NULL, NULL),
(69, 69, 'GAJENDRA', 'SOLANKI', 'male', '', '9082104039', NULL, NULL, NULL, NULL, NULL, NULL, NULL, NULL, NULL),
(70, 70, 'GAJENDRA', 'SOLANKI', 'male', '', '9082104039', NULL, NULL, NULL, NULL, NULL, NULL, NULL, NULL, NULL),
(71, 71, 'GAJENDRA', 'SOLANKI', 'male', '', '9082104039', NULL, NULL, NULL, NULL, NULL, NULL, NULL, NULL, NULL),
(72, 72, 'GAJENDRA', 'SOLANKI', 'male', '', '9082104039', NULL, NULL, NULL, NULL, NULL, NULL, NULL, NULL, NULL),
(73, 73, 'GAJENDRA', 'SOLANKI', 'male', '', '9082104039', NULL, NULL, NULL, NULL, NULL, NULL, NULL, NULL, NULL),
(74, 74, 'GAJENDRA', 'SOLANKI', 'male', '', '9082104039', NULL, NULL, NULL, NULL, NULL, NULL, NULL, NULL, NULL),
(75, 75, 'GAJENDRA', 'SOLANKI', 'male', '', '9082104039', NULL, NULL, NULL, NULL, NULL, NULL, NULL, NULL, NULL),
(76, 76, 'GAJENDRA', 'SOLANKI', 'male', '', '9082104039', NULL, NULL, NULL, NULL, NULL, NULL, NULL, NULL, NULL),
(77, 77, 'GAJENDRA', 'SOLANKI', 'male', '', '9082104039', NULL, NULL, NULL, NULL, NULL, NULL, NULL, NULL, NULL),
(78, 78, 'GAJENDRA', 'SOLANKI', 'male', '', '9082104039', NULL, NULL, NULL, NULL, NULL, NULL, NULL, NULL, NULL),
(79, 79, 'GAJENDRA', 'SOLANKI', 'male', '', '9082104039', NULL, NULL, NULL, NULL, NULL, NULL, NULL, NULL, NULL),
(80, 80, 'GAJENDRA', 'SOLANKI', 'male', '', '9082104039', NULL, NULL, NULL, NULL, NULL, NULL, NULL, NULL, NULL),
(81, 81, 'GAJENDRA', 'SOLANKI', 'male', '', '9082104039', NULL, NULL, NULL, NULL, NULL, NULL, NULL, NULL, NULL),
(82, 82, 'GAJENDRA', 'SOLANKI', 'male', '', '9082104039', NULL, NULL, NULL, NULL, NULL, NULL, NULL, NULL, NULL),
(83, 83, 'GAJENDRA', 'SOLANKI', 'male', '', '9082104039', NULL, NULL, NULL, NULL, NULL, NULL, NULL, NULL, NULL),
(84, 84, 'GAJENDRA', 'SOLANKI', 'male', '', '9082104039', NULL, NULL, NULL, NULL, NULL, NULL, NULL, NULL, NULL),
(85, 85, 'GAJENDRA', 'SOLANKI', 'male', '', '9082104039', NULL, NULL, NULL, NULL, NULL, NULL, NULL, NULL, NULL),
(86, 86, 'GAJENDRA', 'SOLANKI', 'male', '', '9082104039', NULL, NULL, NULL, NULL, NULL, NULL, NULL, NULL, NULL),
(87, 87, 'GAJENDRA', 'SOLANKI', 'male', '', '9082104039', NULL, NULL, NULL, NULL, NULL, NULL, NULL, NULL, NULL),
(88, 88, 'GAJENDRA', 'SOLANKI', 'male', '', '9082104039', NULL, NULL, NULL, NULL, NULL, NULL, NULL, NULL, NULL),
(89, 89, 'GAJENDRA', 'SOLANKI', 'male', '', '9082104039', NULL, NULL, NULL, NULL, NULL, NULL, NULL, NULL, NULL),
(90, 90, 'GAJENDRA', 'SOLANKI', 'male', '', '9082104039', NULL, NULL, NULL, NULL, NULL, NULL, NULL, NULL, NULL),
(91, 91, 'GAJENDRA', 'SOLANKI', 'male', '', '9082104039', NULL, NULL, NULL, NULL, NULL, NULL, NULL, NULL, NULL),
(92, 92, 'GAJENDRA', 'SOLANKI', 'male', '', '9082104039', NULL, NULL, NULL, NULL, NULL, NULL, NULL, NULL, NULL),
(93, 93, 'GAJENDRA', 'SOLANKI', 'male', '', '9082104039', NULL, NULL, NULL, NULL, NULL, NULL, NULL, NULL, NULL),
(94, 94, 'GAJENDRA', 'SOLANKI', 'male', '', '9082104039', NULL, NULL, NULL, NULL, NULL, NULL, NULL, NULL, NULL),
(95, 95, 'GAJENDRA', 'SOLANKI', 'male', '', '9082104039', NULL, NULL, NULL, NULL, NULL, NULL, NULL, NULL, NULL),
(96, 96, 'GAJENDRA', 'SOLANKI', 'male', '', '9082104039', NULL, NULL, NULL, NULL, NULL, NULL, NULL, NULL, NULL),
(97, 97, 'GAJENDRA', 'SOLANKI', 'male', '', '9082104039', NULL, NULL, NULL, NULL, NULL, NULL, NULL, NULL, NULL),
(98, 98, 'GAJENDRA', 'SOLANKI', 'male', 'gps927@gmail.com', '9082104039', NULL, NULL, NULL, NULL, NULL, NULL, NULL, NULL, NULL);

-- --------------------------------------------------------

--
-- Table structure for table `user_id`
--

CREATE TABLE `user_id` (
  `uid` int(11) NOT NULL,
  `uname` varchar(250) NOT NULL,
  `password` varchar(250) NOT NULL,
  `tpassword` varchar(255) DEFAULT '123456',
  `role` varchar(250) NOT NULL DEFAULT 'user',
  `pin` varchar(250) CHARACTER SET latin1 COLLATE latin1_general_cs DEFAULT NULL,
  `rpin` varchar(100) DEFAULT NULL,
  `paired` int(11) NOT NULL DEFAULT '0',
  `activation_code` varchar(250) DEFAULT NULL,
  `register_date` datetime DEFAULT NULL,
  `plan_date` datetime DEFAULT NULL,
  `plan_day` varchar(11) DEFAULT NULL,
  `status` int(11) NOT NULL DEFAULT '1',
  `status_desc` text,
  `is_tds` int(11) DEFAULT '0',
  `binary_activated` int(11) DEFAULT '1' COMMENT '0-pending,1-accept,2-reject',
  `prod_status` int(11) DEFAULT '0',
  `binary_date` datetime DEFAULT NULL,
  `image` text,
  `balance` decimal(12,2) DEFAULT '0.00',
  `bv` int(50) DEFAULT '0'
) ENGINE=InnoDB DEFAULT CHARSET=latin1 ROW_FORMAT=COMPACT;

--
-- Dumping data for table `user_id`
--

INSERT INTO `user_id` (`uid`, `uname`, `password`, `tpassword`, `role`, `pin`, `rpin`, `paired`, `activation_code`, `register_date`, `plan_date`, `plan_day`, `status`, `status_desc`, `is_tds`, `binary_activated`, `prod_status`, `binary_date`, `image`, `balance`, `bv`) VALUES
(1, 'admin', 'latest@123', 'latest@123', 'admin', NULL, NULL, 0, '25d55ad283aa400af464c76d713c07ad', '2016-09-01 00:07:08', NULL, NULL, 1, NULL, 0, 1, 0, NULL, NULL, 0.00, 120),
(2, 'yogesh', '1234', '123456', 'user', 'ciLNiMse', NULL, 1, NULL, '2020-05-31 13:26:00', '2020-05-31 18:41:02', NULL, 1, NULL, 0, 1, 0, NULL, NULL, 1.00, 5750),
(3, 'solanki', '1234', '123456', 'user', 'SC3ajng6', NULL, 1, NULL, '2020-05-31 13:43:00', '2020-06-01 11:36:23', NULL, 1, NULL, 0, 1, 0, NULL, NULL, 750.00, 6000),
(4, 'solanki2', '1234', '123456', 'user', 'wEeLK1g1', NULL, 2, NULL, '2020-05-31 13:51:00', '2020-06-01 06:21:46', NULL, 1, NULL, 0, 1, 0, NULL, NULL, 3000.00, 5000),
(5, 'solanki3', '1234', '123456', 'user', 'sOI6KCfG', NULL, 3, NULL, '2020-05-31 13:55:00', '2020-06-01 06:24:27', NULL, 1, NULL, 0, 1, 0, NULL, NULL, 3000.00, 5000),
(6, 'YRN', '1234', '123456', 'user', 'EN8h4MGs', NULL, 2, NULL, '2020-05-31 14:01:00', '2020-05-31 16:02:22', NULL, 1, NULL, 0, 1, 0, NULL, NULL, 1.00, 5750),
(7, 'solanki4', '1234', '123456', 'user', 'NdavUTsK', NULL, 4, NULL, '2020-05-31 14:06:00', '2020-06-01 06:29:14', NULL, 1, NULL, 0, 1, 0, NULL, NULL, 3000.00, 5000),
(8, 'YRN1135', '1234', '123456', 'user', 'CMIHDkBK', NULL, 3, NULL, '2020-05-31 14:07:00', '2020-05-31 16:44:09', NULL, 1, NULL, 0, 1, 0, NULL, NULL, 1.00, 5750),
(9, 'Yogesh1135', '1234', '123456', 'user', 'zmdC7qcL', NULL, 4, NULL, '2020-05-31 14:09:00', NULL, NULL, 1, NULL, 0, 1, 0, NULL, NULL, 14000.00, 0),
(10, 'YRN1136', '1234', '123456', 'user', 'dWkVXJK0', NULL, 4, NULL, '2020-05-31 14:11:00', '2020-05-31 16:46:53', NULL, 1, NULL, 0, 1, 0, NULL, NULL, 1.00, 5750),
(11, 'sagar', '1234', '123456', 'user', 'ZWh1ELlD', NULL, 5, NULL, '2020-05-31 14:12:00', '2020-06-01 06:31:13', NULL, 1, NULL, 0, 1, 0, NULL, NULL, 3000.00, 5000),
(12, 'solanki5', '1234', '123456', 'user', 'fbmsOXsl', NULL, 2, NULL, '2020-05-31 14:14:00', '2020-06-01 05:07:52', NULL, 1, NULL, 0, 1, 0, NULL, NULL, 8000.00, 5000),
(13, 'solanki6', '1234', '123456', 'user', 'mOV8ClzQ', NULL, 2, NULL, '2020-05-31 14:15:00', '2020-06-01 06:37:10', NULL, 1, NULL, 0, 1, 0, NULL, NULL, 3000.00, 5000),
(14, 'solanki7', '1234', '123456', 'user', 'v52q8TrQ', NULL, 3, NULL, '2020-05-31 14:18:00', '2020-06-01 05:11:43', NULL, 1, NULL, 0, 1, 0, NULL, NULL, 28000.00, 5000),
(15, 'Yogesh12', '1234', '123456', 'user', 'z1dyE9Cm', NULL, 5, NULL, '2020-05-31 14:18:00', '2020-06-01 06:41:42', NULL, 1, NULL, 0, 1, 0, NULL, NULL, 3000.00, 5000),
(16, 'solanki8', '1234', '123456', 'user', 'FJrdHNw8', NULL, 3, NULL, '2020-05-31 14:18:00', '2020-06-01 06:44:27', NULL, 1, NULL, 0, 1, 0, NULL, NULL, 3000.00, 5000),
(17, 'Yogesh1137', '1234', '123456', 'user', 'zBouP8B4', NULL, 5, NULL, '2020-05-31 14:19:00', '2020-05-31 16:54:06', NULL, 1, NULL, 0, 1, 0, NULL, NULL, 1.00, 5750),
(18, 'Yogesh1138', '1234', '123456', 'user', 'TOcIuAbS', NULL, 6, NULL, '2020-05-31 14:21:00', '2020-05-31 16:57:53', NULL, 1, NULL, 0, 1, 0, NULL, NULL, 1.00, 5750),
(19, 'jinal', 'latest@123', '123456', 'user', 'IhosLiJm', NULL, 4, NULL, '2020-05-31 14:28:00', NULL, NULL, 1, NULL, 0, 1, 0, NULL, NULL, 20000.00, 0),
(20, 'TYU', '1234', '123456', 'user', 'PWreX7KB', NULL, 6, NULL, '2020-05-31 14:31:00', '2020-06-01 06:49:35', NULL, 1, NULL, 0, 1, 0, NULL, NULL, 3000.00, 5000),
(21, 'TYU11', '1234', '123456', 'user', '3PFUqdTF', NULL, 7, NULL, '2020-05-31 14:31:00', '2020-05-31 18:10:36', NULL, 1, NULL, 0, 1, 0, NULL, NULL, 1.00, 5750),
(22, 'TYU12', '1234', '123456', 'user', 'WnNTzi1N', NULL, 8, NULL, '2020-05-31 14:32:00', NULL, NULL, 1, NULL, 0, 1, 0, NULL, NULL, 14000.00, 0),
(23, 'TYU13', '1234', '123456', 'user', '2nQozpd6', NULL, 7, NULL, '2020-05-31 14:32:00', '2020-05-31 17:16:50', NULL, 1, NULL, 0, 1, 0, NULL, NULL, 1.00, 5750),
(24, 'TYU14', '1234', '123456', 'user', 'PLRiYLDV', NULL, 9, NULL, '2020-05-31 14:32:00', '2020-05-31 18:35:31', NULL, 1, NULL, 0, 1, 0, NULL, NULL, 1.00, 5750),
(25, 'YRN11', '1234', '123456', 'user', 'VTEg2xyi', NULL, 10, NULL, '2020-05-31 14:35:00', '2020-06-01 06:53:03', NULL, 1, NULL, 0, 1, 0, NULL, NULL, 3000.00, 5000),
(26, 'YRN12', '1234', '123456', 'user', 'dBCUQkbU', NULL, 11, NULL, '2020-05-31 14:35:00', '2020-06-01 06:56:16', NULL, 1, NULL, 0, 1, 0, NULL, NULL, 3000.00, 5000),
(27, 'YRN13', '1234', '123456', 'user', '7s6kVnNH', NULL, 12, NULL, '2020-05-31 14:35:00', '2020-06-01 07:03:02', NULL, 1, NULL, 0, 1, 0, NULL, NULL, 3000.00, 5000),
(28, 'YRN14', '1234', '123456', 'user', '6WlnzQBy', NULL, 13, NULL, '2020-05-31 14:35:00', NULL, NULL, 1, NULL, 0, 1, 0, NULL, NULL, 1500.00, 0),
(29, 'YRN15', '1234', '123456', 'user', 'xFyUUalG', NULL, 14, NULL, '2020-05-31 14:36:00', NULL, NULL, 1, NULL, 0, 1, 0, NULL, NULL, 14000.00, 0),
(30, 'YRN16', '1234', '123456', 'user', '4me7jE1v', NULL, 8, NULL, '2020-05-31 14:36:00', '2020-05-31 17:43:43', NULL, 1, NULL, 0, 1, 0, NULL, NULL, 1.00, 5750),
(31, 'solanki9', '1234', '123456', 'user', 'moZ0nDfG', NULL, 3, NULL, '2020-05-31 14:36:00', '2020-06-01 05:24:54', NULL, 1, NULL, 0, 1, 0, NULL, NULL, 5500.00, 6000),
(32, 'YRN17', '1234', '123456', 'user', 'mEKXyBN0', NULL, 9, NULL, '2020-05-31 14:36:00', '2020-05-31 17:47:17', NULL, 1, NULL, 0, 1, 0, NULL, NULL, 1.00, 5750),
(33, 'YRN18', '1234', '123456', 'user', 'PVmA1Uau', NULL, 10, NULL, '2020-05-31 14:36:00', '2020-05-31 17:51:10', NULL, 1, NULL, 0, 1, 0, NULL, NULL, 1.00, 5750),
(34, 'YRN19', '1234', '123456', 'user', 'WXFA4w2U', NULL, 11, NULL, '2020-05-31 14:37:00', '2020-05-31 17:55:00', NULL, 1, NULL, 0, 1, 0, NULL, NULL, 1.00, 5750),
(35, 'YRN10', '1234', '123456', 'user', '3mHyvRSf', NULL, 12, NULL, '2020-05-31 14:37:00', '2020-05-31 18:03:31', NULL, 1, NULL, 0, 1, 0, NULL, NULL, 1.00, 5750),
(36, 'solanki10', '1234', '123456', 'user', 'KYTqxaaH', NULL, 5, NULL, '2020-05-31 14:37:00', '2020-06-01 05:27:55', NULL, 1, NULL, 0, 1, 0, NULL, NULL, 8000.00, 5000),
(37, 'YRN111', '1234', '123456', 'user', 'BXXm1BkQ', NULL, 6, NULL, '2020-05-31 14:38:00', NULL, NULL, 1, NULL, 0, 1, 0, NULL, NULL, 0.00, 0),
(38, 'YRN112', '1234', '123456', 'user', 'yZiu4Wym', NULL, 7, NULL, '2020-05-31 14:38:00', NULL, NULL, 1, NULL, 0, 1, 0, NULL, NULL, 0.00, 0),
(39, 'YRN113', '1234', '123456', 'user', '0Oe2H4Nm', NULL, 8, NULL, '2020-05-31 14:38:00', NULL, NULL, 1, NULL, 0, 1, 0, NULL, NULL, 0.00, 0),
(40, 'YRN114', '1234', '123456', 'user', 'izHnVSPy', NULL, 9, NULL, '2020-05-31 14:38:00', NULL, NULL, 1, NULL, 0, 1, 0, NULL, NULL, 0.00, 0),
(41, 'YRN115', '1234', '123456', 'user', 'ToQ3K2Vn', NULL, 10, NULL, '2020-05-31 14:39:00', NULL, NULL, 1, NULL, 0, 1, 0, NULL, NULL, 0.00, 0),
(42, 'YRN116', '1234', '123456', 'user', '0iczrjSA', NULL, 15, NULL, '2020-05-31 14:40:00', NULL, NULL, 1, NULL, 0, 1, 0, NULL, NULL, 0.00, 0),
(43, 'YRN117', '1234', '123456', 'user', 'RbV8Y0ib', NULL, 16, NULL, '2020-05-31 14:40:00', '2020-06-01 05:33:30', NULL, 1, NULL, 0, 1, 0, NULL, NULL, 1.00, 5750),
(44, 'solanki11', '1234', '123456', 'user', 'EXTYErK1', NULL, 6, NULL, '2020-05-31 14:40:00', '2020-06-01 05:33:29', NULL, 1, NULL, 0, 1, 0, NULL, NULL, 8000.00, 5000),
(45, 'YRN118', '1234', '123456', 'user', '2yYfJtif', NULL, 17, NULL, '2020-05-31 14:40:00', '2020-06-01 05:37:04', NULL, 1, NULL, 0, 1, 0, NULL, NULL, 1.00, 5750),
(46, 'YRN119', '1234', '123456', 'user', 'qeArHik4', NULL, 18, NULL, '2020-05-31 14:40:00', '2020-06-01 05:41:11', NULL, 1, NULL, 0, 1, 0, NULL, NULL, 1.00, 5750),
(47, 'YRN110', '1234', '123456', 'user', 'avl3JA3R', NULL, 19, NULL, '2020-05-31 14:41:00', '2020-06-01 05:51:18', NULL, 1, NULL, 0, 1, 0, NULL, NULL, 1.00, 5750),
(48, 'solanki12', '1234', '123456', 'user', 'HzDzgZJ1', NULL, 7, NULL, '2020-05-31 14:42:00', '2020-06-01 05:34:46', NULL, 1, NULL, 0, 1, 0, NULL, NULL, 8000.00, 5000),
(49, 'solanki13', '1234', '123456', 'user', 'VDxBAqlk', NULL, 4, NULL, '2020-05-31 14:43:00', '2020-06-01 05:37:32', NULL, 1, NULL, 0, 1, 0, NULL, NULL, 8000.00, 5000),
(50, 'YogeshQ', '1234', '123456', 'user', 'yCDoBBS0', NULL, 5, NULL, '2020-05-31 14:50:00', NULL, NULL, 1, NULL, 0, 1, 0, NULL, NULL, 0.00, 0),
(51, 'YogeshW', '1234', '123456', 'user', 'odLcJib2', NULL, 6, NULL, '2020-05-31 14:51:00', NULL, NULL, 1, NULL, 0, 1, 0, NULL, NULL, 0.00, 0),
(52, 'YogeshE', '1234', '123456', 'user', 'qMBHUPZK', NULL, 7, NULL, '2020-05-31 14:51:00', NULL, NULL, 1, NULL, 0, 1, 0, NULL, NULL, 0.00, 0),
(53, 'YogeshR', '1234', '123456', 'user', 'JEHZX4eF', NULL, 8, NULL, '2020-05-31 14:51:00', NULL, NULL, 1, NULL, 0, 1, 0, NULL, NULL, 0.00, 0),
(54, 'YogeshT', '1234', '123456', 'user', 'O6DhGe4I', NULL, 9, NULL, '2020-05-31 14:52:00', NULL, NULL, 1, NULL, 0, 1, 0, NULL, NULL, 0.00, 0),
(55, 'YogeshY', '1234', '123456', 'user', 'WfPp0Q60', NULL, 11, NULL, '2020-05-31 14:52:00', '2020-06-01 06:04:01', NULL, 1, NULL, 0, 1, 0, NULL, NULL, 1.00, 5750),
(56, 'YogeshU', '1234', '123456', 'user', 'JkqUFXJo', NULL, 12, NULL, '2020-05-31 14:52:00', '2020-06-01 06:27:13', NULL, 1, NULL, 0, 1, 0, NULL, NULL, 2.00, 26800),
(57, 'YogeshI', '1234', '123456', 'user', 's5ln0pLn', NULL, 13, NULL, '2020-05-31 14:52:00', NULL, NULL, 1, NULL, 0, 1, 0, NULL, NULL, 14000.00, 0),
(58, 'YogeshO', '1234', '123456', 'user', 'Iv6fVbeV', NULL, 14, NULL, '2020-05-31 14:52:00', NULL, NULL, 1, NULL, 0, 1, 0, NULL, NULL, 0.00, 0),
(59, 'YogeshP', '1234', '123456', 'user', 'Pgp2IxEj', NULL, 15, NULL, '2020-05-31 14:53:00', NULL, NULL, 1, NULL, 0, 1, 0, NULL, NULL, 0.00, 0),
(60, 'YogeshA', '1234', '123456', 'user', 'e4cssGrg', NULL, 16, NULL, '2020-05-31 14:53:00', NULL, NULL, 1, NULL, 0, 1, 0, NULL, NULL, 0.00, 0),
(61, 'solanki15', '1234', '123456', 'user', 'myZILEtp', NULL, 3, NULL, '2020-05-31 15:25:00', NULL, NULL, 1, NULL, 0, 1, 0, NULL, NULL, 0.00, 0),
(62, 'solanki14', '1234', '123456', 'user', 'uvsOIwsS', NULL, 4, NULL, '2020-05-31 16:01:00', '2020-06-01 05:38:32', NULL, 1, NULL, 0, 1, 0, NULL, NULL, 8000.00, 5000),
(63, 'solanki16', '1234', '123456', 'user', 'NFQqkImv', NULL, 5, NULL, '2020-05-31 16:06:00', '2020-06-01 05:41:17', NULL, 1, NULL, 0, 1, 0, NULL, NULL, 8000.00, 5000),
(64, 'solanki17', '1234', '123456', 'user', 'qWVsfaFs', NULL, 8, NULL, '2020-05-31 16:09:00', '2020-06-01 05:42:13', NULL, 1, NULL, 0, 1, 0, NULL, NULL, 8000.00, 5000),
(65, 'solanki18', '1234', '123456', 'user', 'x9BKBIlm', NULL, 9, NULL, '2020-05-31 16:12:00', '2020-06-01 05:43:11', NULL, 1, NULL, 0, 1, 0, NULL, NULL, 8000.00, 5000),
(66, 'solanki19', '1234', '123456', 'user', 'pqeGuezR', NULL, 10, NULL, '2020-05-31 16:13:00', '2020-06-01 05:44:15', NULL, 1, NULL, 0, 1, 0, NULL, NULL, 8000.00, 5000),
(67, 'solanki20', '1234', '123456', 'user', 'OEFbOOqG', NULL, 11, NULL, '2020-05-31 16:17:00', NULL, NULL, 1, NULL, 0, 1, 0, NULL, NULL, 8000.00, 5000),
(68, 'solanki21', '1234', '123456', 'user', '6C0Z57fA', NULL, 8, NULL, '2020-05-31 16:19:00', '2020-06-01 05:50:10', NULL, 1, NULL, 0, 1, 0, NULL, NULL, 8000.00, 5000),
(69, 'solanki22', '1234', '123456', 'user', 'weERQ4qc', NULL, 9, NULL, '2020-05-31 16:21:00', '2020-06-01 05:53:47', NULL, 1, NULL, 0, 1, 0, NULL, NULL, 8000.00, 5000),
(70, 'solanki23', '1234', '123456', 'user', 'vEDHnMr9', NULL, 5, NULL, '2020-05-31 16:27:00', '2020-06-01 05:55:14', NULL, 1, NULL, 0, 1, 0, NULL, NULL, 8000.00, 5000),
(71, 'solanki24', '1234', '123456', 'user', '0MzVxF8Q', NULL, 6, NULL, '2020-05-31 16:29:00', '2020-06-01 05:56:24', NULL, 1, NULL, 0, 1, 0, NULL, NULL, 8000.00, 5000),
(72, 'solanki25', '1234', '123456', 'user', 'CgIbSoPa', NULL, 7, NULL, '2020-05-31 16:29:00', '2020-06-01 05:57:33', NULL, 1, NULL, 0, 1, 0, NULL, NULL, 8000.00, 5000),
(73, 'solanki26', '1234', '123456', 'user', 'oBEFjEmR', NULL, 4, NULL, '2020-05-31 16:31:00', '2020-06-01 05:58:51', NULL, 1, NULL, 0, 1, 0, NULL, NULL, 8000.00, 5000),
(74, 'solanki27', '1234', '123456', 'user', '2B0czv5r', NULL, 6, NULL, '2020-05-31 16:36:00', '2020-06-01 05:59:56', NULL, 1, NULL, 0, 1, 0, NULL, NULL, 8000.00, 5000),
(75, 'solanki28', '1234', '123456', 'user', '2VuXVcyO', NULL, 7, NULL, '2020-05-31 16:51:00', '2020-06-01 06:02:02', NULL, 1, NULL, 0, 1, 0, NULL, NULL, 8000.00, 5000),
(76, 'solanki29', '1234', '123456', 'user', 'vLHUnbdc', NULL, 8, NULL, '2020-05-31 16:51:00', '2020-06-01 06:03:17', NULL, 1, NULL, 0, 1, 0, NULL, NULL, 8000.00, 5000),
(77, 'solanki30', '1234', '123456', 'user', 'IhoX9Rdu', NULL, 9, NULL, '2020-05-31 16:51:00', '2020-06-01 06:04:55', NULL, 1, NULL, 0, 1, 0, NULL, NULL, 8000.00, 5000),
(78, 'solanki31', '1234', '123456', 'user', 'V1Quq9Vu', NULL, 4, NULL, '2020-05-31 17:00:00', NULL, NULL, 1, NULL, 0, 1, 0, NULL, NULL, 0.00, 0),
(79, 'solanki32', '1234', '123456', 'user', 'g7JI9nqc', NULL, 5, NULL, '2020-05-31 17:00:00', NULL, NULL, 1, NULL, 0, 1, 0, NULL, NULL, 0.00, 0),
(80, 'solanki33', '1234', '123456', 'user', 'PcKNrCSz', NULL, 6, NULL, '2020-05-31 17:00:00', NULL, NULL, 1, NULL, 0, 1, 0, NULL, NULL, 0.00, 0),
(81, 'solanki34', '1234', '123456', 'user', 'YKXC25yi', NULL, 4, NULL, '2020-05-31 17:00:00', NULL, NULL, 1, NULL, 0, 1, 0, NULL, NULL, 0.00, 0),
(82, 'solanki35', '1234', '123456', 'user', 'twKa7BJJ', NULL, 5, NULL, '2020-05-31 17:00:00', NULL, NULL, 1, NULL, 0, 1, 0, NULL, NULL, 0.00, 0),
(83, 'solanki36', '1234', '123456', 'user', '2TPzQPHR', NULL, 6, NULL, '2020-05-31 17:01:00', NULL, NULL, 1, NULL, 0, 1, 0, NULL, NULL, 0.00, 0),
(84, 'solanki37', '1234', '123456', 'user', 'FRvMr3YZ', NULL, 7, NULL, '2020-05-31 17:01:00', NULL, NULL, 1, NULL, 0, 1, 0, NULL, NULL, 0.00, 0),
(85, 'solanki38', '1234', '123456', 'user', 'Vt8eQ9lk', NULL, 4, NULL, '2020-05-31 17:06:00', NULL, NULL, 1, NULL, 0, 1, 0, NULL, NULL, 0.00, 0),
(86, 'solanki39', '1234', '123456', 'user', '4T1isfuz', NULL, 5, NULL, '2020-05-31 17:07:00', NULL, NULL, 1, NULL, 0, 1, 0, NULL, NULL, 0.00, 0),
(87, 'solanki40', '1234', '123456', 'user', 'exUkboSW', NULL, 6, NULL, '2020-05-31 17:07:00', NULL, NULL, 1, NULL, 0, 1, 0, NULL, NULL, 0.00, 0),
(88, 'solanki41', '1234', '123456', 'user', 'YBxO33gk', NULL, 7, NULL, '2020-05-31 17:07:00', NULL, NULL, 1, NULL, 0, 1, 0, NULL, NULL, 0.00, 0),
(89, 'solanki42', '1234', '123456', 'user', 'Cj7Gj6cd', NULL, 8, NULL, '2020-05-31 17:07:00', NULL, NULL, 1, NULL, 0, 1, 0, NULL, NULL, 0.00, 0),
(90, 'solanki43', '1234', '123456', 'user', 'hOLKwyrh', NULL, 4, NULL, '2020-05-31 17:07:00', NULL, NULL, 1, NULL, 0, 1, 0, NULL, NULL, 0.00, 0),
(91, 'solanki44', '1234', '123456', 'user', '96rJukb9', NULL, 5, NULL, '2020-05-31 17:07:00', NULL, NULL, 1, NULL, 0, 1, 0, NULL, NULL, 0.00, 0),
(92, 'solanki45', '1234', '123456', 'user', 'Y82Mxf0h', NULL, 6, NULL, '2020-05-31 17:08:00', NULL, NULL, 1, NULL, 0, 1, 0, NULL, NULL, 0.00, 0),
(93, 'solanki46', '1234', '123456', 'user', 'AOBrrto4', NULL, 7, NULL, '2020-05-31 17:08:00', NULL, NULL, 1, NULL, 0, 1, 0, NULL, NULL, 0.00, 0),
(94, 'solanki47', '1234', '123456', 'user', 'r7nkFtVC', NULL, 8, NULL, '2020-05-31 17:08:00', NULL, NULL, 1, NULL, 0, 1, 0, NULL, NULL, 0.00, 0),
(95, 'solanki48', '1234', '123456', 'user', '6j4R0FTR', NULL, 9, NULL, '2020-05-31 17:08:00', NULL, NULL, 1, NULL, 0, 1, 0, NULL, NULL, 0.00, 0),
(96, 'solanki49', '1234', '123456', 'user', 'NnSbsTiJ', NULL, 10, NULL, '2020-05-31 17:09:00', NULL, NULL, 1, NULL, 0, 1, 0, NULL, NULL, 0.00, 0),
(97, 'solanki50', '1234', '123456', 'user', '3GstvnUD', NULL, 11, NULL, '2020-05-31 17:09:00', NULL, NULL, 1, NULL, 0, 1, 1, NULL, NULL, 0.00, 0),
(98, 'solanki99', '1234', '123456', 'user', 'OhQX6Bn4', NULL, 12, NULL, '2020-06-02 03:49:00', '2020-06-02 03:49:00', NULL, 1, NULL, 0, 1, 0, NULL, NULL, 0.00, 0);

-- --------------------------------------------------------

--
-- Table structure for table `web_news`
--

CREATE TABLE `web_news` (
  `id` int(11) NOT NULL,
  `title` varchar(500) DEFAULT NULL,
  `image` text,
  `description` text,
  `date` datetime DEFAULT NULL
) ENGINE=InnoDB DEFAULT CHARSET=latin1;

--
-- Indexes for dumped tables
--

--
-- Indexes for table `bal_req`
--
ALTER TABLE `bal_req`
  ADD PRIMARY KEY (`req_id`);

--
-- Indexes for table `bonus`
--
ALTER TABLE `bonus`
  ADD PRIMARY KEY (`bid`);

--
-- Indexes for table `bonus_history`
--
ALTER TABLE `bonus_history`
  ADD PRIMARY KEY (`hostory_id`);

--
-- Indexes for table `cart`
--
ALTER TABLE `cart`
  ADD PRIMARY KEY (`cart_id`);

--
-- Indexes for table `checkout`
--
ALTER TABLE `checkout`
  ADD PRIMARY KEY (`id`);

--
-- Indexes for table `child_counter`
--
ALTER TABLE `child_counter`
  ADD PRIMARY KEY (`id`);

--
-- Indexes for table `child_earning`
--
ALTER TABLE `child_earning`
  ADD PRIMARY KEY (`pid`);

--
-- Indexes for table `contact`
--
ALTER TABLE `contact`
  ADD PRIMARY KEY (`contactus_id`);

--
-- Indexes for table `db_history`
--
ALTER TABLE `db_history`
  ADD PRIMARY KEY (`id`);

--
-- Indexes for table `ddb_history`
--
ALTER TABLE `ddb_history`
  ADD PRIMARY KEY (`id`);

--
-- Indexes for table `direct_payment`
--
ALTER TABLE `direct_payment`
  ADD PRIMARY KEY (`pid`);

--
-- Indexes for table `eb_history`
--
ALTER TABLE `eb_history`
  ADD PRIMARY KEY (`id`);

--
-- Indexes for table `gdb_history`
--
ALTER TABLE `gdb_history`
  ADD PRIMARY KEY (`id`);

--
-- Indexes for table `gtb_history`
--
ALTER TABLE `gtb_history`
  ADD PRIMARY KEY (`id`);

--
-- Indexes for table `news`
--
ALTER TABLE `news`
  ADD PRIMARY KEY (`id`);

--
-- Indexes for table `pairing`
--
ALTER TABLE `pairing`
  ADD PRIMARY KEY (`pair_id`);

--
-- Indexes for table `payout`
--
ALTER TABLE `payout`
  ADD PRIMARY KEY (`id`),
  ADD KEY `FK_uid6` (`uid`);

--
-- Indexes for table `payout_date`
--
ALTER TABLE `payout_date`
  ADD PRIMARY KEY (`id`);

--
-- Indexes for table `payout_days`
--
ALTER TABLE `payout_days`
  ADD PRIMARY KEY (`id`);

--
-- Indexes for table `plans`
--
ALTER TABLE `plans`
  ADD PRIMARY KEY (`plan_id`);

--
-- Indexes for table `prd_images`
--
ALTER TABLE `prd_images`
  ADD PRIMARY KEY (`id`);

--
-- Indexes for table `products`
--
ALTER TABLE `products`
  ADD PRIMARY KEY (`product_id`);

--
-- Indexes for table `product_category`
--
ALTER TABLE `product_category`
  ADD PRIMARY KEY (`cat_id`);

--
-- Indexes for table `rank_detail`
--
ALTER TABLE `rank_detail`
  ADD PRIMARY KEY (`id`);

--
-- Indexes for table `rank_payout`
--
ALTER TABLE `rank_payout`
  ADD PRIMARY KEY (`id`);

--
-- Indexes for table `rank_payout_detail`
--
ALTER TABLE `rank_payout_detail`
  ADD PRIMARY KEY (`id`);

--
-- Indexes for table `reqpin`
--
ALTER TABLE `reqpin`
  ADD PRIMARY KEY (`id`);

--
-- Indexes for table `reqplan`
--
ALTER TABLE `reqplan`
  ADD PRIMARY KEY (`id`);

--
-- Indexes for table `review`
--
ALTER TABLE `review`
  ADD PRIMARY KEY (`rid`);

--
-- Indexes for table `reward`
--
ALTER TABLE `reward`
  ADD PRIMARY KEY (`id`);

--
-- Indexes for table `rewards_plans`
--
ALTER TABLE `rewards_plans`
  ADD PRIMARY KEY (`id`),
  ADD KEY `FK_rewards_plans` (`plan_id`);

--
-- Indexes for table `reward_detail`
--
ALTER TABLE `reward_detail`
  ADD PRIMARY KEY (`id`);

--
-- Indexes for table `reward_history`
--
ALTER TABLE `reward_history`
  ADD PRIMARY KEY (`id`);

--
-- Indexes for table `reward_payout`
--
ALTER TABLE `reward_payout`
  ADD PRIMARY KEY (`id`);

--
-- Indexes for table `sdb_history`
--
ALTER TABLE `sdb_history`
  ADD PRIMARY KEY (`id`);

--
-- Indexes for table `self_purchase`
--
ALTER TABLE `self_purchase`
  ADD PRIMARY KEY (`id`);

--
-- Indexes for table `sp_level`
--
ALTER TABLE `sp_level`
  ADD PRIMARY KEY (`id`);

--
-- Indexes for table `total_user`
--
ALTER TABLE `total_user`
  ADD PRIMARY KEY (`id`);

--
-- Indexes for table `transferpin`
--
ALTER TABLE `transferpin`
  ADD PRIMARY KEY (`id`),
  ADD KEY `FK_pin2` (`pin_id`);

--
-- Indexes for table `transpin`
--
ALTER TABLE `transpin`
  ADD PRIMARY KEY (`pin_id`),
  ADD KEY `FK_plan1` (`plan_id`);

--
-- Indexes for table `user_bank`
--
ALTER TABLE `user_bank`
  ADD PRIMARY KEY (`bank_id`),
  ADD KEY `FK_uid2` (`uid`);

--
-- Indexes for table `user_detail`
--
ALTER TABLE `user_detail`
  ADD PRIMARY KEY (`id`),
  ADD KEY `FK_uid1` (`uid`);

--
-- Indexes for table `user_id`
--
ALTER TABLE `user_id`
  ADD PRIMARY KEY (`uid`);

--
-- Indexes for table `web_news`
--
ALTER TABLE `web_news`
  ADD PRIMARY KEY (`id`);

--
-- AUTO_INCREMENT for dumped tables
--

--
-- AUTO_INCREMENT for table `bal_req`
--
ALTER TABLE `bal_req`
  MODIFY `req_id` int(11) NOT NULL AUTO_INCREMENT, AUTO_INCREMENT=80;

--
-- AUTO_INCREMENT for table `bonus`
--
ALTER TABLE `bonus`
  MODIFY `bid` int(11) NOT NULL AUTO_INCREMENT;

--
-- AUTO_INCREMENT for table `bonus_history`
--
ALTER TABLE `bonus_history`
  MODIFY `hostory_id` int(11) NOT NULL AUTO_INCREMENT;

--
-- AUTO_INCREMENT for table `cart`
--
ALTER TABLE `cart`
  MODIFY `cart_id` int(11) NOT NULL AUTO_INCREMENT, AUTO_INCREMENT=94;

--
-- AUTO_INCREMENT for table `checkout`
--
ALTER TABLE `checkout`
  MODIFY `id` int(11) NOT NULL AUTO_INCREMENT, AUTO_INCREMENT=60;

--
-- AUTO_INCREMENT for table `child_counter`
--
ALTER TABLE `child_counter`
  MODIFY `id` int(11) NOT NULL AUTO_INCREMENT, AUTO_INCREMENT=99;

--
-- AUTO_INCREMENT for table `child_earning`
--
ALTER TABLE `child_earning`
  MODIFY `pid` int(11) NOT NULL AUTO_INCREMENT, AUTO_INCREMENT=15;

--
-- AUTO_INCREMENT for table `contact`
--
ALTER TABLE `contact`
  MODIFY `contactus_id` int(10) NOT NULL AUTO_INCREMENT;

--
-- AUTO_INCREMENT for table `db_history`
--
ALTER TABLE `db_history`
  MODIFY `id` int(11) NOT NULL AUTO_INCREMENT, AUTO_INCREMENT=4;

--
-- AUTO_INCREMENT for table `ddb_history`
--
ALTER TABLE `ddb_history`
  MODIFY `id` int(11) NOT NULL AUTO_INCREMENT, AUTO_INCREMENT=2;

--
-- AUTO_INCREMENT for table `direct_payment`
--
ALTER TABLE `direct_payment`
  MODIFY `pid` int(11) NOT NULL AUTO_INCREMENT, AUTO_INCREMENT=98;

--
-- AUTO_INCREMENT for table `eb_history`
--
ALTER TABLE `eb_history`
  MODIFY `id` int(11) NOT NULL AUTO_INCREMENT, AUTO_INCREMENT=12;

--
-- AUTO_INCREMENT for table `gdb_history`
--
ALTER TABLE `gdb_history`
  MODIFY `id` int(11) NOT NULL AUTO_INCREMENT, AUTO_INCREMENT=2;

--
-- AUTO_INCREMENT for table `gtb_history`
--
ALTER TABLE `gtb_history`
  MODIFY `id` int(11) NOT NULL AUTO_INCREMENT, AUTO_INCREMENT=9;

--
-- AUTO_INCREMENT for table `news`
--
ALTER TABLE `news`
  MODIFY `id` int(11) NOT NULL AUTO_INCREMENT;

--
-- AUTO_INCREMENT for table `pairing`
--
ALTER TABLE `pairing`
  MODIFY `pair_id` int(11) NOT NULL AUTO_INCREMENT, AUTO_INCREMENT=99;

--
-- AUTO_INCREMENT for table `payout`
--
ALTER TABLE `payout`
  MODIFY `id` int(11) NOT NULL AUTO_INCREMENT, AUTO_INCREMENT=11;

--
-- AUTO_INCREMENT for table `payout_date`
--
ALTER TABLE `payout_date`
  MODIFY `id` int(11) NOT NULL AUTO_INCREMENT, AUTO_INCREMENT=2;

--
-- AUTO_INCREMENT for table `payout_days`
--
ALTER TABLE `payout_days`
  MODIFY `id` int(11) NOT NULL AUTO_INCREMENT, AUTO_INCREMENT=6;

--
-- AUTO_INCREMENT for table `plans`
--
ALTER TABLE `plans`
  MODIFY `plan_id` int(11) NOT NULL AUTO_INCREMENT, AUTO_INCREMENT=13;

--
-- AUTO_INCREMENT for table `prd_images`
--
ALTER TABLE `prd_images`
  MODIFY `id` int(11) NOT NULL AUTO_INCREMENT;

--
-- AUTO_INCREMENT for table `products`
--
ALTER TABLE `products`
  MODIFY `product_id` int(11) NOT NULL AUTO_INCREMENT, AUTO_INCREMENT=24;

--
-- AUTO_INCREMENT for table `product_category`
--
ALTER TABLE `product_category`
  MODIFY `cat_id` int(11) NOT NULL AUTO_INCREMENT, AUTO_INCREMENT=6;

--
-- AUTO_INCREMENT for table `rank_detail`
--
ALTER TABLE `rank_detail`
  MODIFY `id` int(11) NOT NULL AUTO_INCREMENT, AUTO_INCREMENT=12;

--
-- AUTO_INCREMENT for table `rank_payout`
--
ALTER TABLE `rank_payout`
  MODIFY `id` int(11) NOT NULL AUTO_INCREMENT;

--
-- AUTO_INCREMENT for table `rank_payout_detail`
--
ALTER TABLE `rank_payout_detail`
  MODIFY `id` int(11) NOT NULL AUTO_INCREMENT, AUTO_INCREMENT=6;

--
-- AUTO_INCREMENT for table `reqpin`
--
ALTER TABLE `reqpin`
  MODIFY `id` int(11) NOT NULL AUTO_INCREMENT;

--
-- AUTO_INCREMENT for table `reqplan`
--
ALTER TABLE `reqplan`
  MODIFY `id` int(11) NOT NULL AUTO_INCREMENT;

--
-- AUTO_INCREMENT for table `review`
--
ALTER TABLE `review`
  MODIFY `rid` int(11) NOT NULL AUTO_INCREMENT;

--
-- AUTO_INCREMENT for table `reward`
--
ALTER TABLE `reward`
  MODIFY `id` int(11) NOT NULL AUTO_INCREMENT;

--
-- AUTO_INCREMENT for table `rewards_plans`
--
ALTER TABLE `rewards_plans`
  MODIFY `id` int(11) NOT NULL AUTO_INCREMENT;

--
-- AUTO_INCREMENT for table `reward_detail`
--
ALTER TABLE `reward_detail`
  MODIFY `id` int(11) NOT NULL AUTO_INCREMENT, AUTO_INCREMENT=7;

--
-- AUTO_INCREMENT for table `reward_history`
--
ALTER TABLE `reward_history`
  MODIFY `id` int(11) NOT NULL AUTO_INCREMENT;

--
-- AUTO_INCREMENT for table `reward_payout`
--
ALTER TABLE `reward_payout`
  MODIFY `id` int(11) NOT NULL AUTO_INCREMENT;

--
-- AUTO_INCREMENT for table `sdb_history`
--
ALTER TABLE `sdb_history`
  MODIFY `id` int(11) NOT NULL AUTO_INCREMENT, AUTO_INCREMENT=3;

--
-- AUTO_INCREMENT for table `self_purchase`
--
ALTER TABLE `self_purchase`
  MODIFY `id` int(11) NOT NULL AUTO_INCREMENT, AUTO_INCREMENT=8;

--
-- AUTO_INCREMENT for table `sp_level`
--
ALTER TABLE `sp_level`
  MODIFY `id` int(11) NOT NULL AUTO_INCREMENT, AUTO_INCREMENT=5;

--
-- AUTO_INCREMENT for table `total_user`
--
ALTER TABLE `total_user`
  MODIFY `id` int(11) NOT NULL AUTO_INCREMENT;

--
-- AUTO_INCREMENT for table `transferpin`
--
ALTER TABLE `transferpin`
  MODIFY `id` int(11) NOT NULL AUTO_INCREMENT;

--
-- AUTO_INCREMENT for table `transpin`
--
ALTER TABLE `transpin`
  MODIFY `pin_id` int(11) NOT NULL AUTO_INCREMENT, AUTO_INCREMENT=181;

--
-- AUTO_INCREMENT for table `user_bank`
--
ALTER TABLE `user_bank`
  MODIFY `bank_id` int(11) NOT NULL AUTO_INCREMENT, AUTO_INCREMENT=99;

--
-- AUTO_INCREMENT for table `user_detail`
--
ALTER TABLE `user_detail`
  MODIFY `id` int(11) NOT NULL AUTO_INCREMENT, AUTO_INCREMENT=99;

--
-- AUTO_INCREMENT for table `user_id`
--
ALTER TABLE `user_id`
  MODIFY `uid` int(11) NOT NULL AUTO_INCREMENT, AUTO_INCREMENT=99;

--
-- AUTO_INCREMENT for table `web_news`
--
ALTER TABLE `web_news`
  MODIFY `id` int(11) NOT NULL AUTO_INCREMENT;
COMMIT;

/*!40101 SET CHARACTER_SET_CLIENT=@OLD_CHARACTER_SET_CLIENT */;
/*!40101 SET CHARACTER_SET_RESULTS=@OLD_CHARACTER_SET_RESULTS */;
/*!40101 SET COLLATION_CONNECTION=@OLD_COLLATION_CONNECTION */;
